customer_id,subscription_length,charge_amount,seconds_of_use,frequency_of_use,frequency_of_sms,distinct_called_numbers,call_failures,tariff_plan,status,age_group,complaints,churn
1,35,0,1420,41,36,20,1,A,Active,30-40,N,0
2,28,0,920,32,20,12,7,A,Active,Under 30,N,0
3,40,0,88,6,8,6,0,A,Inactive,30-40,N,1
4,38,0,13963,170,9,47,9,A,Active,30-40,N,0
5,38,0,13773,169,0,44,7,A,Active,30-40,N,0
6,45,3,4080,94,47,31,18,A,Active,30-40,N,0
7,39,1,7813,133,391,45,8,A,Active,30-40,N,0
8,36,0,3875,64,0,12,1,A,Active,Under 30,N,0
9,38,0,305,6,7,2,5,A,Inactive,Under 30,N,1
10,36,0,7318,127,409,45,0,A,Active,30-40,N,0
11,36,0,4020,76,0,20,0,A,Active,30-40,N,0
12,36,0,2078,43,25,28,7,A,Inactive,30-40,N,1
13,32,0,0,0,0,0,0,A,Inactive,30-40,Y,1
14,40,2,3835,85,37,30,14,B,Active,30-40,N,0
15,40,2,3400,33,490,10,9,A,Active,30-40,N,0
16,34,0,345,5,1,4,0,A,Inactive,Under 30,N,0
17,35,1,5628,98,51,26,8,A,Active,Under 30,Y,1
18,30,1,1010,36,194,10,1,B,Active,Under 30,N,0
19,42,0,1013,15,26,10,6,A,Inactive,Over 40,Y,1
20,37,0,13063,158,0,44,1,A,Active,30-40,N,0
21,36,1,338,4,4,2,0,A,Active,Over 40,N,0
22,42,1,2473,60,12,37,4,A,Active,Under 30,N,0
23,33,0,3298,70,0,22,0,A,Active,Under 30,N,0
24,32,2,1800,50,211,18,11,B,Active,30-40,N,0
25,30,0,2148,48,344,21,3,A,Active,Under 30,N,0
26,43,3,6885,94,203,32,9,A,Active,30-40,N,0
27,34,0,2028,49,0,29,0,A,Active,Under 30,N,0
28,38,0,4198,66,1,35,10,A,Active,Under 30,N,0
29,36,2,15080,222,49,30,22,A,Active,30-40,N,0
30,25,0,1225,32,19,13,10,A,Active,Under 30,N,0
31,37,0,0,0,0,0,0,A,Inactive,Under 30,N,0
32,43,1,2713,70,374,30,15,A,Active,30-40,N,0
33,20,3,2808,49,39,23,8,A,Active,30-40,N,0
34,26,0,1378,38,21,65,2,A,Active,Over 40,N,0
35,40,6,16045,241,82,49,34,B,Active,30-40,Y,0
36,35,0,0,0,0,0,0,A,Inactive,Under 30,N,1
37,31,1,1270,40,201,15,4,B,Active,Under 30,N,0
38,29,2,15770,232,0,78,20,A,Active,Under 30,N,0
39,33,0,3713,52,0,28,3,A,Active,Under 30,N,0
40,36,0,760,8,0,7,0,A,Inactive,Under 30,N,0
41,36,0,383,4,7,4,0,A,Active,Over 40,N,1
42,28,0,0,0,0,0,0,A,Inactive,30-40,N,1
43,39,0,2550,39,260,16,9,A,Active,30-40,N,0
44,10,2,1603,25,32,11,3,A,Active,30-40,N,1
45,44,3,4160,90,49,34,17,A,Active,30-40,N,0
46,17,1,9427,178,89,45,19,A,Active,Over 40,N,0
47,37,0,5728,95,32,14,1,A,Active,30-40,N,0
48,8,0,4275,34,183,6,2,A,Active,30-40,N,0
49,36,0,3718,82,2,28,2,A,Active,Under 30,N,0
50,36,0,3470,76,25,26,6,A,Active,Under 30,N,0
51,36,0,2585,36,0,18,8,A,Inactive,30-40,Y,1
52,24,0,1110,26,0,9,10,A,Active,Under 30,N,0
53,39,1,4908,77,9,35,16,A,Active,Under 30,N,0
54,22,5,3238,53,48,25,14,B,Active,30-40,N,0
55,9,1,2547,33,16,16,1,A,Active,30-40,N,0
56,32,0,2535,16,0,12,0,A,Active,30-40,N,0
57,16,0,8527,166,55,42,11,A,Active,Over 40,N,0
58,38,1,4023,88,9,30,7,A,Active,30-40,N,0
59,35,0,3778,54,0,29,5,A,Active,Under 30,N,0
60,38,2,7210,97,194,26,9,A,Active,30-40,N,0
61,11,1,1193,15,7,2,5,A,Active,30-40,Y,1
62,38,1,6163,98,9,12,8,A,Active,30-40,N,0
63,40,2,3400,33,490,10,9,A,Active,30-40,N,0
64,6,0,3375,23,183,8,0,A,Active,30-40,N,0
65,33,0,6135,77,174,22,0,A,Active,30-40,N,0
66,33,0,1200,50,18,17,25,A,Inactive,30-40,Y,1
67,39,2,3795,70,190,25,17,A,Active,Under 30,N,0
68,43,2,6760,96,201,32,8,A,Active,30-40,N,0
69,42,9,10695,103,16,48,26,B,Active,Over 40,N,0
70,33,0,2085,25,0,9,0,A,Inactive,Under 30,N,1
71,23,5,3157,57,46,22,15,A,Active,Over 40,N,0
72,35,0,1260,53,23,19,28,A,Inactive,30-40,N,1
73,35,0,2543,54,7,18,12,A,Inactive,30-40,N,0
74,37,1,13898,167,7,41,10,A,Active,30-40,N,0
75,32,0,0,0,0,0,0,A,Inactive,Under 30,N,0
76,19,2,9298,180,85,44,20,A,Active,Over 40,N,0
77,39,2,11960,161,27,52,14,A,Active,Over 40,N,0
78,22,1,1613,35,22,64,5,A,Active,Over 40,N,0
79,35,0,14580,166,122,13,0,A,Active,Under 30,N,0
80,27,1,3530,67,15,25,7,A,Active,30-40,N,0
81,41,0,5613,95,8,11,3,A,Active,30-40,N,0
82,11,4,2393,35,28,24,12,A,Active,30-40,Y,1
83,45,0,1440,30,22,19,10,A,Inactive,30-40,N,0
84,35,0,2213,50,0,28,1,A,Active,Under 30,N,0
85,31,0,628,1,1,3,0,A,Inactive,Over 40,N,1
86,24,1,1863,43,44,81,3,A,Active,Over 40,N,0
87,38,1,2895,58,173,22,9,A,Active,Under 30,N,0
88,22,0,1315,30,185,10,2,B,Active,Under 30,N,0
89,34,0,1070,53,48,21,23,A,Inactive,30-40,Y,1
90,36,0,3470,76,25,26,6,A,Active,Under 30,N,0
91,35,0,1478,25,25,8,0,A,Active,Over 40,N,0
92,34,0,1995,30,273,14,0,A,Active,30-40,N,0
93,32,0,1360,52,17,15,24,A,Inactive,Under 30,N,1
94,34,1,5963,91,7,8,6,A,Active,30-40,N,0
95,38,1,4760,86,7,25,9,A,Active,30-40,N,0
96,40,1,14078,175,7,46,12,A,Active,30-40,N,0
97,30,0,11160,142,0,44,0,A,Active,30-40,N,0
98,36,0,2780,53,175,23,6,A,Active,Under 30,N,0
99,31,2,1610,40,36,19,16,A,Active,Under 30,N,0
100,36,0,2600,20,467,3,0,A,Active,30-40,N,0
101,4,0,1487,13,0,6,1,A,Active,Under 30,N,1
102,30,0,15180,170,135,27,2,A,Active,Under 30,N,0
103,29,1,1090,32,196,13,0,B,Active,Under 30,N,0
104,38,2,2993,68,23,48,7,A,Active,Under 30,N,0
105,41,1,7588,129,394,47,4,A,Active,30-40,N,0
106,15,0,6087,135,78,40,11,B,Active,Under 30,N,0
107,34,0,2840,22,0,14,1,A,Active,30-40,N,0
108,23,0,745,21,7,3,11,A,Inactive,Under 30,N,0
109,31,5,16675,248,21,95,29,A,Active,Under 30,N,0
110,40,10,10800,102,13,46,29,B,Active,Over 40,Y,0
111,44,3,903,20,26,10,10,A,Active,Over 40,N,0
112,36,1,3025,56,177,23,8,A,Active,Under 30,N,0
113,34,0,3223,75,0,23,0,A,Active,Under 30,N,0
114,37,0,15485,182,150,30,9,A,Active,Under 30,N,0
115,41,2,5385,88,37,19,19,A,Active,30-40,N,0
116,38,1,0,0,7,0,0,A,Active,Over 40,N,0
117,35,0,958,14,0,6,0,A,Active,30-40,N,0
118,43,0,385,8,17,6,6,A,Inactive,Under 30,N,1
119,38,2,6615,92,218,30,3,A,Active,30-40,N,0
120,37,0,2170,39,310,20,0,A,Active,30-40,N,0
121,36,0,1668,25,0,6,1,A,Active,30-40,N,0
122,14,1,1740,22,20,10,5,A,Active,Under 30,N,0
123,40,4,15635,232,70,37,32,A,Active,30-40,Y,0
124,37,0,3488,55,0,35,4,A,Active,Under 30,N,0
125,44,0,970,24,28,14,7,A,Inactive,30-40,N,0
126,40,0,1665,50,46,21,5,A,Inactive,Over 40,N,0
127,34,0,1438,43,327,22,0,A,Active,Under 30,N,0
128,35,0,3183,49,0,33,0,A,Active,Under 30,N,0
129,39,0,2945,45,17,20,9,A,Inactive,30-40,Y,1
130,40,0,1623,29,8,10,1,A,Active,30-40,N,0
131,38,3,15385,228,56,32,27,A,Active,30-40,N,0
132,40,1,2298,57,13,19,12,A,Active,30-40,N,0
133,37,1,11655,155,20,50,9,A,Active,Over 40,N,0
134,34,2,2133,55,52,76,14,A,Active,Over 40,N,0
135,36,0,3280,75,16,23,4,A,Active,Under 30,N,0
136,30,3,2330,53,208,13,15,B,Active,30-40,N,0
137,16,1,9048,177,105,44,12,A,Active,Over 40,N,0
138,25,3,6958,157,107,50,26,B,Active,Under 30,N,0
139,33,0,1248,13,0,3,0,A,Active,30-40,N,0
140,40,0,15180,182,151,29,6,A,Active,Under 30,N,0
141,35,0,1910,47,40,20,5,A,Inactive,30-40,N,0
142,33,6,9420,76,0,40,10,A,Active,Over 40,N,0
143,38,1,2328,47,39,33,12,A,Active,30-40,Y,1
144,37,0,305,6,7,2,5,A,Inactive,30-40,Y,1
145,38,0,15360,184,154,33,6,A,Active,Under 30,N,0
146,30,0,2475,13,0,10,0,A,Active,30-40,N,0
147,41,2,6580,88,196,30,4,A,Active,30-40,N,0
148,37,0,3660,60,0,17,2,A,Active,Under 30,N,0
149,31,0,0,0,0,0,0,A,Inactive,Under 30,N,0
150,12,0,8753,163,62,35,10,A,Active,Over 40,N,0
151,30,0,8810,109,129,40,6,A,Active,30-40,N,0
152,24,0,1263,33,23,66,0,A,Active,Over 40,N,0
153,31,0,2420,10,0,8,0,A,Active,30-40,N,0
154,28,1,1683,44,28,67,7,A,Active,Over 40,N,0
155,35,0,4903,78,0,10,0,A,Active,Under 30,N,0
156,21,0,1568,33,22,67,2,A,Active,Over 40,N,0
157,34,0,2875,35,0,12,9,A,Inactive,Under 30,Y,1
158,38,3,9230,127,176,47,13,A,Active,30-40,N,0
159,23,0,3165,58,3,21,0,A,Active,30-40,N,0
160,27,1,1505,37,202,14,6,B,Active,Under 30,Y,1
161,36,0,1780,50,70,24,3,A,Inactive,Over 40,N,0
162,38,1,3585,81,23,25,9,A,Active,30-40,N,0
163,12,1,4085,40,216,9,0,A,Active,30-40,N,0
164,38,1,3833,87,0,27,5,A,Active,30-40,N,0
165,35,0,2058,46,0,12,7,A,Inactive,30-40,N,0
166,37,2,1048,15,12,2,6,A,Active,Over 40,N,0
167,39,3,9420,127,151,45,18,A,Active,30-40,N,0
168,36,0,323,3,9,5,2,A,Inactive,30-40,N,1
169,13,2,1568,21,10,11,4,A,Active,30-40,N,1
170,34,0,1875,37,147,6,0,A,Active,Under 30,N,0
171,30,0,1673,38,0,9,0,A,Inactive,30-40,N,0
172,37,0,2048,54,33,19,4,A,Inactive,30-40,N,0
173,31,0,7248,117,369,37,0,A,Active,Under 30,N,0
174,36,2,4318,92,23,43,6,A,Active,30-40,N,0
175,14,1,9058,169,69,37,15,A,Active,Over 40,N,0
176,46,0,623,17,22,7,7,A,Inactive,30-40,N,0
177,37,8,10625,93,7,40,26,A,Active,Over 40,N,0
178,32,4,16785,249,8,80,31,A,Active,Under 30,Y,0
179,44,1,6178,105,22,18,11,A,Active,30-40,N,0
180,36,2,6670,112,257,20,7,B,Active,30-40,N,0
181,38,1,3095,27,483,8,4,A,Active,30-40,N,0
182,30,0,1665,38,30,19,1,A,Inactive,30-40,N,0
183,29,0,2840,16,0,13,0,A,Active,30-40,N,0
184,41,0,813,12,23,9,7,A,Inactive,30-40,N,0
185,34,7,10130,87,0,40,16,A,Active,Over 40,N,0
186,7,2,1783,23,14,20,2,A,Active,30-40,Y,1
187,39,1,33,4,5,1,0,A,Active,Over 40,N,0
188,34,0,3413,76,0,26,0,A,Active,Under 30,N,0
189,39,0,3898,90,13,33,4,A,Active,Under 30,N,0
190,38,3,14895,222,52,32,23,A,Active,30-40,N,0
191,22,0,830,22,175,4,0,B,Active,Under 30,N,0
192,39,3,14735,220,36,34,24,A,Active,30-40,N,0
193,37,1,6008,98,7,22,18,A,Active,Under 30,N,1
194,38,0,1440,61,34,24,30,A,Inactive,30-40,N,1
195,21,0,930,28,176,5,0,B,Active,Under 30,N,0
196,33,1,6785,97,14,22,3,A,Active,Over 40,N,0
197,32,3,16265,238,7,78,30,A,Active,Under 30,N,0
198,40,8,10390,97,9,46,21,B,Active,Over 40,Y,0
199,35,0,13353,157,0,38,2,A,Active,30-40,N,0
200,28,0,1360,32,23,17,0,A,Inactive,30-40,N,0
201,36,0,650,47,17,16,20,A,Inactive,30-40,N,1
202,25,0,1230,15,22,1,1,A,Inactive,Over 40,N,0
203,29,0,590,38,4,13,15,A,Inactive,Under 30,N,1
204,37,0,0,0,0,0,0,A,Inactive,Under 30,N,0
205,40,0,180,8,11,5,2,A,Inactive,Under 30,N,1
206,20,1,9418,185,91,47,19,A,Active,Over 40,N,0
207,40,3,703,13,16,6,8,A,Active,Over 40,N,0
208,41,0,2055,39,286,17,1,A,Active,30-40,N,0
209,34,0,1363,28,6,14,0,A,Inactive,30-40,Y,1
210,41,0,4065,71,6,16,5,A,Active,30-40,N,0
211,16,0,1390,20,21,12,0,A,Active,Under 30,N,0
212,40,1,13833,172,5,46,10,A,Active,30-40,N,0
213,43,2,2838,68,376,30,16,A,Active,30-40,N,0
214,36,0,1933,48,1,15,4,A,Inactive,30-40,N,0
215,35,0,8210,105,116,26,4,A,Active,30-40,N,0
216,33,0,1085,33,27,13,17,A,Inactive,30-40,N,0
217,37,1,2485,37,281,15,7,A,Active,30-40,N,0
218,14,0,9337,176,74,38,13,A,Active,Over 40,N,0
219,39,0,1180,20,7,13,5,A,Inactive,Under 30,N,0
220,33,1,6123,98,25,25,16,A,Active,Under 30,N,1
221,13,0,1695,20,20,13,0,A,Active,Under 30,N,0
222,37,0,0,0,0,0,0,A,Inactive,Under 30,N,1
223,36,0,3893,60,0,33,5,A,Active,Under 30,N,0
224,35,0,2078,44,59,33,4,A,Inactive,30-40,N,1
225,38,1,4443,69,7,35,12,A,Active,Under 30,N,0
226,40,2,3890,87,30,27,14,A,Active,30-40,N,0
227,13,0,6313,139,75,38,15,B,Active,Under 30,N,0
228,40,0,3475,55,27,23,16,A,Inactive,30-40,Y,1
229,28,3,16380,238,0,81,28,A,Active,Under 30,N,0
230,31,3,16075,238,0,80,25,A,Active,Under 30,N,0
231,37,0,7508,127,384,43,3,A,Active,Under 30,N,0
232,34,0,3015,25,473,4,3,A,Active,30-40,N,0
233,33,0,2393,52,0,32,1,A,Active,Under 30,N,0
234,35,0,3180,42,18,19,11,A,Inactive,30-40,Y,1
235,30,0,3950,67,0,17,0,A,Active,30-40,N,0
236,34,0,1608,22,0,4,0,A,Active,30-40,N,0
237,7,1,1713,23,7,5,7,A,Active,30-40,Y,1
238,37,0,2245,33,253,14,4,A,Active,30-40,N,0
239,37,0,0,0,0,0,0,A,Inactive,Under 30,N,0
240,27,0,3000,57,11,25,0,A,Active,30-40,N,0
241,18,0,1885,27,37,17,4,A,Active,Under 30,N,0
242,34,0,4005,62,0,13,0,A,Active,Under 30,N,0
243,43,1,2878,72,20,40,10,A,Active,Under 30,N,0
244,14,2,1487,25,8,8,5,A,Active,30-40,Y,1
245,31,0,840,42,18,18,20,A,Inactive,Under 30,N,1
246,27,0,700,25,10,7,11,A,Inactive,Under 30,N,0
247,33,0,0,0,0,0,0,A,Inactive,Under 30,N,1
248,31,0,3233,68,0,21,0,A,Active,Under 30,N,0
249,35,0,2590,53,200,25,1,A,Active,Under 30,N,0
250,29,2,15580,231,0,75,18,A,Active,Under 30,N,0
251,35,2,7090,103,21,24,8,A,Active,Over 40,N,0
252,28,0,1405,40,30,18,12,A,Active,Under 30,N,0
253,29,0,1245,22,60,9,5,A,Inactive,Over 40,N,0
254,44,3,7023,87,123,40,15,A,Active,30-40,N,0
255,20,0,1183,31,13,62,0,A,Active,Over 40,N,0
256,25,0,640,22,5,5,8,A,Inactive,Under 30,N,0
257,9,1,4145,37,213,10,0,A,Active,30-40,N,0
258,41,0,3250,51,24,22,14,A,Inactive,30-40,Y,1
259,38,1,4515,83,2,25,7,A,Active,30-40,N,0
260,38,0,2048,55,341,26,9,A,Active,30-40,N,0
261,36,0,2190,11,455,5,0,A,Active,30-40,N,0
262,35,0,2990,41,9,16,9,A,Inactive,30-40,N,1
263,36,1,6480,97,15,21,0,A,Active,Over 40,N,0
264,38,0,2573,50,41,33,14,A,Inactive,Over 40,N,1
265,34,0,305,6,7,2,5,A,Inactive,30-40,N,1
266,25,0,390,31,0,9,13,A,Inactive,Under 30,Y,1
267,38,0,1845,52,49,25,5,A,Inactive,30-40,N,0
268,8,1,1298,19,25,9,0,A,Active,30-40,Y,1
269,37,0,3805,72,0,25,1,A,Active,30-40,N,0
270,41,0,3253,71,23,19,20,A,Inactive,Over 40,N,0
271,36,0,1743,49,334,24,4,A,Active,Under 30,N,0
272,34,3,6965,116,271,33,6,B,Active,Under 30,N,0
273,36,0,1865,32,269,13,0,A,Active,30-40,N,0
274,30,0,1715,42,25,9,22,A,Inactive,30-40,Y,1
275,39,1,14483,180,8,44,13,A,Active,30-40,N,0
276,25,1,1693,37,26,65,7,A,Active,Over 40,N,0
277,44,2,14158,177,17,50,13,A,Active,30-40,N,0
278,34,3,15185,221,46,28,25,A,Active,30-40,N,0
279,35,0,2715,24,4,17,0,A,Active,30-40,N,0
280,37,0,875,14,0,11,0,A,Inactive,Under 30,N,1
281,40,0,2098,54,7,20,5,A,Active,Under 30,N,0
282,39,0,563,8,9,4,5,A,Inactive,30-40,N,0
283,37,1,6745,89,188,26,5,A,Active,30-40,N,0
284,32,0,1935,6,0,2,0,A,Active,30-40,N,0
285,34,0,2493,48,31,29,13,A,Inactive,30-40,Y,1
286,44,4,9420,133,159,46,20,A,Active,30-40,N,0
287,42,1,3040,63,190,29,11,A,Active,Under 30,N,0
288,11,0,8568,162,61,36,4,A,Active,Over 40,N,0
289,39,0,2970,29,487,11,1,A,Active,30-40,N,0
290,41,0,1925,54,53,26,8,A,Inactive,30-40,N,0
291,36,0,2980,22,485,9,1,A,Active,30-40,N,0
292,32,0,1978,44,0,11,4,A,Inactive,30-40,N,0
293,36,0,3718,82,2,28,2,A,Active,Under 30,N,0
294,40,0,420,12,39,6,5,A,Inactive,30-40,N,1
295,36,0,305,6,7,2,5,A,Inactive,Under 30,N,1
296,36,0,2088,52,0,31,0,A,Active,Under 30,N,0
297,36,0,11350,148,0,43,7,A,Active,30-40,N,0
298,40,0,4220,79,7,12,8,A,Active,30-40,N,0
299,45,3,4820,95,17,28,14,A,Active,Over 40,N,0
300,13,0,8873,168,68,38,9,A,Active,Over 40,N,0
301,9,1,4390,40,215,10,2,A,Active,30-40,N,0
302,36,1,4493,70,15,48,9,A,Active,Under 30,N,0
303,20,3,7407,158,100,44,27,B,Active,Under 30,N,0
304,34,1,6538,67,97,32,6,A,Active,Under 30,N,0
305,41,0,1223,21,35,21,9,A,Inactive,30-40,N,0
306,30,2,15960,232,0,76,25,A,Active,Under 30,N,0
307,18,1,5987,136,67,44,15,B,Active,Under 30,N,0
308,35,0,438,7,34,6,0,A,Inactive,Over 40,N,1
309,28,0,1320,17,37,8,7,A,Inactive,Over 40,N,0
310,35,0,10970,147,0,42,0,A,Active,30-40,N,0
311,36,1,93,1,2,2,0,A,Active,Over 40,N,0
312,24,0,1508,36,25,66,1,A,Active,Over 40,N,0
313,39,2,2030,53,50,24,11,A,Active,Over 40,N,0
314,35,0,0,0,0,0,0,A,Inactive,Under 30,N,0
315,34,3,7210,119,273,33,8,B,Active,Under 30,N,0
316,40,0,2148,60,360,23,7,A,Active,30-40,N,0
317,31,0,1310,24,39,10,7,A,Inactive,Over 40,N,0
318,30,0,2505,27,0,9,2,A,Inactive,Under 30,Y,1
319,38,0,743,12,7,3,3,A,Inactive,Over 40,N,1
320,35,0,4675,71,4,18,11,A,Active,Under 30,N,0
321,34,1,6320,78,175,21,1,A,Active,30-40,N,0
322,40,9,10515,95,11,46,22,A,Active,Over 40,Y,0
323,38,0,4388,67,10,38,12,A,Active,Under 30,N,0
324,35,0,7203,121,377,41,0,A,Active,Under 30,N,0
325,36,4,16075,244,8,81,27,A,Active,Under 30,N,0
326,32,2,6660,110,264,31,1,B,Active,Under 30,N,0
327,33,0,13288,155,0,37,0,A,Active,30-40,N,0
328,29,2,1430,41,191,10,7,B,Active,30-40,N,0
329,23,2,6653,151,100,48,21,B,Active,Under 30,N,0
330,29,0,5935,70,164,18,0,A,Active,30-40,N,0
331,35,0,2990,41,9,16,9,A,Inactive,30-40,Y,1
332,35,0,6005,79,170,21,0,A,Active,30-40,N,0
333,27,3,16120,234,7,76,25,A,Active,Under 30,N,0
334,36,0,4210,77,0,23,2,A,Active,30-40,N,0
335,11,2,1602,24,0,6,6,A,Active,30-40,Y,1
336,20,1,6087,141,86,41,13,B,Active,Under 30,N,0
337,8,0,3680,29,190,10,0,A,Active,30-40,N,0
338,6,1,4210,32,204,5,0,A,Active,30-40,N,0
339,17,0,8708,167,76,42,8,A,Active,Over 40,N,0
340,26,2,15590,224,0,73,18,A,Active,Under 30,N,0
341,41,0,1113,21,27,11,7,A,Inactive,Over 40,N,1
342,35,0,14078,169,0,45,10,A,Active,30-40,N,0
343,39,0,2158,56,345,11,11,A,Active,30-40,N,0
344,27,0,2425,25,0,8,0,A,Inactive,Under 30,Y,1
345,40,0,2065,35,271,5,5,A,Active,30-40,N,0
346,36,0,4083,61,3,36,7,A,Active,Under 30,N,0
347,38,0,2555,49,178,25,2,A,Active,Under 30,N,0
348,3,0,4085,28,200,7,0,A,Active,Under 30,N,0
349,26,1,1813,42,32,68,6,A,Active,Over 40,N,0
350,32,0,2835,17,468,2,0,A,Active,30-40,N,0
351,35,0,513,1,0,3,0,A,Inactive,Over 40,N,1
352,38,1,4270,80,0,25,5,A,Active,30-40,N,0
353,21,0,1875,34,39,19,4,A,Active,Under 30,N,0
354,33,1,15530,178,142,26,9,A,Active,Under 30,N,0
355,30,2,15365,227,0,80,19,A,Active,Under 30,N,0
356,36,0,3473,79,0,28,0,A,Active,Under 30,N,0
357,39,3,8413,143,412,60,12,A,Active,30-40,N,0
358,38,0,13773,169,0,44,7,A,Active,30-40,N,0
359,32,0,2725,17,2,15,0,A,Active,30-40,N,0
360,18,2,9353,183,112,46,17,A,Active,Over 40,N,0
361,37,2,3900,80,28,25,14,A,Active,30-40,N,0
362,36,0,13468,163,0,42,2,A,Active,30-40,N,0
363,31,0,6480,91,7,20,0,A,Active,Over 40,N,0
364,35,0,4095,71,0,19,2,A,Active,30-40,N,0
365,33,0,2703,65,0,26,0,A,Active,Under 30,N,0
366,33,0,710,8,5,7,0,A,Inactive,Under 30,N,0
367,33,2,1873,51,45,71,11,A,Active,Over 40,N,0
368,36,1,11870,159,12,45,8,A,Active,30-40,N,0
369,21,0,0,0,3,0,0,A,Inactive,Over 40,N,0
370,21,1,3270,57,7,19,5,A,Active,30-40,N,0
371,9,3,4990,50,236,25,6,A,Active,30-40,N,0
372,9,0,8673,161,58,34,7,A,Active,Over 40,N,0
373,26,0,1100,34,23,16,7,A,Active,Under 30,N,0
374,36,1,3963,85,7,28,5,A,Active,30-40,N,0
375,29,0,6943,111,362,35,0,A,Active,Under 30,N,0
376,37,0,2143,46,38,34,6,A,Inactive,30-40,Y,1
377,39,0,1988,53,0,35,2,A,Active,Under 30,N,0
378,42,1,4450,73,15,21,9,A,Active,30-40,N,0
379,40,1,293,8,12,6,0,A,Active,Over 40,N,0
380,40,2,2633,53,46,35,17,A,Active,Over 40,N,1
381,29,0,1963,32,19,28,2,A,Inactive,30-40,N,1
382,17,1,9237,177,80,42,17,A,Active,Over 40,N,0
383,13,0,8628,165,66,38,7,A,Active,Over 40,N,0
384,34,0,550,42,0,19,22,A,Inactive,30-40,N,1
385,25,0,995,29,24,20,10,A,Inactive,Under 30,N,0
386,42,0,518,10,17,8,6,A,Inactive,30-40,N,1
387,29,2,1810,43,209,16,11,B,Active,30-40,N,0
388,40,2,15905,194,189,36,14,A,Active,30-40,N,0
389,14,2,2357,38,15,14,1,A,Active,30-40,N,0
390,35,1,15710,186,147,28,13,A,Active,Under 30,N,0
391,36,0,2458,45,43,34,11,A,Inactive,30-40,Y,1
392,42,0,4153,70,9,39,10,A,Active,Under 30,N,0
393,41,2,1240,23,12,15,8,A,Active,Under 30,N,0
394,37,0,1780,49,36,19,6,A,Inactive,30-40,N,0
395,18,0,1695,26,28,14,2,A,Active,Under 30,N,0
396,40,1,6413,102,23,17,13,A,Active,30-40,N,0
397,34,0,3410,73,20,24,3,A,Active,Under 30,N,0
398,36,0,2123,49,10,18,6,A,Inactive,30-40,Y,0
399,34,2,7495,108,22,22,9,A,Active,Over 40,N,0
400,29,2,1620,42,200,13,9,B,Active,30-40,N,0
401,43,2,3085,65,190,26,13,A,Active,30-40,N,0
402,34,0,0,0,0,0,0,A,Inactive,Under 30,N,0
403,25,0,925,29,7,5,15,A,Inactive,30-40,N,0
404,32,0,2780,19,0,12,0,A,Active,30-40,N,0
405,33,1,7553,123,376,39,5,A,Active,Under 30,N,0
406,37,0,1263,20,0,8,0,A,Active,Over 40,N,0
407,33,8,10740,93,0,43,24,A,Active,Over 40,N,0
408,25,2,1610,40,207,24,3,B,Active,Under 30,N,0
409,41,3,14835,225,55,31,22,A,Active,30-40,N,0
410,32,0,0,0,0,0,0,A,Inactive,Under 30,Y,1
411,36,0,623,5,6,5,3,A,Inactive,Under 30,N,0
412,30,0,5770,80,0,20,0,A,Active,Over 40,N,0
413,7,0,4330,37,210,8,0,A,Active,30-40,N,0
414,31,0,3718,76,0,27,0,A,Active,Under 30,N,0
415,38,3,15140,225,54,32,25,A,Active,30-40,N,0
416,37,0,3020,30,11,19,3,A,Active,30-40,N,0
417,37,0,2980,21,451,4,4,A,Active,30-40,N,0
418,39,0,128,4,0,1,0,A,Inactive,Under 30,N,0
419,38,0,470,9,0,13,0,A,Inactive,Under 30,N,0
420,19,5,3273,57,70,25,13,A,Active,Over 40,N,0
421,27,1,1285,35,24,15,13,A,Active,Under 30,N,0
422,29,2,6965,110,263,32,4,B,Active,Under 30,N,0
423,35,0,2180,31,274,13,2,A,Active,30-40,N,0
424,43,0,3555,57,31,24,19,A,Inactive,30-40,Y,1
425,26,0,820,27,1,15,9,A,Active,Under 30,N,0
426,21,4,2852,51,39,20,10,A,Active,30-40,N,0
427,33,0,2088,36,23,26,7,A,Inactive,30-40,Y,1
428,42,2,3855,84,42,32,12,A,Active,30-40,N,0
429,31,0,6333,67,91,31,2,A,Active,Under 30,N,0
430,35,0,4190,63,0,12,6,A,Active,30-40,N,0
431,31,0,13468,157,0,41,0,A,Active,30-40,N,0
432,21,2,6473,143,95,46,17,B,Active,Under 30,N,0
433,39,1,3070,50,293,18,10,A,Active,30-40,N,0
434,38,0,0,0,0,0,0,A,Inactive,Under 30,N,0
435,32,0,6015,72,168,19,0,A,Active,30-40,N,0
436,35,0,14990,175,134,25,2,A,Active,Under 30,N,0
437,37,2,9115,121,144,43,13,A,Active,30-40,N,0
438,35,0,5813,59,80,20,0,A,Active,Under 30,N,0
439,36,0,2780,53,175,23,6,A,Active,Under 30,N,0
440,36,0,2858,65,360,22,11,A,Active,Under 30,N,0
441,16,3,3098,48,33,19,10,A,Active,30-40,N,0
442,32,0,5533,87,0,6,0,A,Active,Under 30,N,0
443,38,0,3953,63,0,35,8,A,Active,Under 30,N,0
444,34,1,3085,25,7,14,5,A,Active,30-40,N,0
445,24,0,280,13,0,1,6,A,Inactive,Under 30,N,0
446,39,5,16640,254,22,88,35,B,Active,Under 30,N,0
447,31,0,3035,37,7,12,9,A,Inactive,30-40,N,1
448,15,0,8333,161,52,25,8,A,Active,Over 40,N,0
449,41,0,1130,26,52,14,7,A,Inactive,30-40,N,0
450,16,1,9642,182,81,40,18,A,Active,Over 40,N,0
451,11,1,1263,15,3,9,0,A,Active,30-40,Y,1
452,43,1,5918,101,15,13,8,A,Active,30-40,N,0
453,44,4,15400,235,69,38,30,A,Active,30-40,N,0
454,31,0,2910,39,0,12,8,A,Inactive,30-40,Y,1
455,37,0,4255,65,0,13,8,A,Active,Under 30,N,0
456,40,2,14845,221,40,19,26,A,Active,30-40,N,0
457,40,3,7733,92,123,39,19,A,Active,Under 30,N,0
458,37,1,6255,83,184,26,1,A,Active,30-40,N,0
459,34,9,10730,97,15,55,20,A,Active,Over 40,N,0
460,38,2,7270,111,32,29,10,A,Active,Over 40,N,0
461,31,0,650,41,9,15,18,A,Inactive,Under 30,N,1
462,26,1,3935,72,16,23,8,A,Active,30-40,N,0
463,20,1,2000,32,35,16,7,A,Active,30-40,N,0
464,38,0,6375,88,190,29,0,A,Active,30-40,N,0
465,32,1,1828,49,45,74,9,A,Active,Over 40,N,0
466,34,0,0,0,0,0,0,A,Inactive,30-40,Y,1
467,36,1,5818,98,26,24,13,A,Active,Under 30,Y,1
468,39,2,6805,92,193,28,8,A,Active,30-40,N,0
469,40,2,993,16,21,8,8,A,Active,Over 40,Y,1
470,36,0,1005,18,27,21,1,A,Inactive,Under 30,N,0
471,40,0,1028,16,15,4,6,A,Inactive,30-40,N,0
472,35,0,6413,69,101,35,3,A,Active,Under 30,N,0
473,40,1,2860,55,185,27,7,A,Active,Under 30,N,0
474,26,0,825,10,21,3,0,A,Inactive,Over 40,N,1
475,26,0,1105,30,11,5,12,A,Inactive,Under 30,N,0
476,34,0,923,11,23,17,0,A,Inactive,Over 40,N,1
477,9,1,1488,19,0,7,3,A,Active,30-40,N,1
478,35,3,1880,52,215,19,14,B,Active,30-40,N,0
479,36,1,15610,180,146,27,12,A,Active,Under 30,N,0
480,40,0,0,0,1,0,0,A,Inactive,Under 30,N,1
481,36,1,11275,154,36,49,2,A,Active,Over 40,N,0
482,39,3,15330,225,29,30,30,A,Active,30-40,N,0
483,4,0,3905,26,197,3,0,A,Active,30-40,N,0
484,42,3,723,12,21,8,6,A,Active,Over 40,N,0
485,37,0,1858,25,7,4,6,A,Active,30-40,N,0
486,32,2,6660,110,264,31,1,B,Active,Under 30,N,0
487,34,0,8695,109,105,37,8,A,Active,30-40,N,0
488,13,0,6028,132,73,38,8,B,Active,Under 30,N,0
489,13,0,1210,12,10,7,0,A,Active,Under 30,N,0
490,30,1,2885,18,7,10,5,A,Active,30-40,N,0
491,33,0,6420,84,176,22,2,A,Active,30-40,N,0
492,32,0,6718,69,100,36,6,A,Active,Under 30,N,0
493,13,1,4345,44,223,14,2,A,Active,30-40,N,0
494,37,0,3295,47,16,18,14,A,Inactive,30-40,Y,1
495,25,0,1010,30,186,9,0,B,Active,Under 30,Y,1
496,35,0,0,0,0,0,0,A,Active,Over 40,N,0
497,45,3,3400,39,498,11,11,A,Active,Over 40,N,0
498,42,1,1928,35,15,12,6,A,Active,Over 40,N,0
499,31,0,1933,42,0,14,2,A,Inactive,30-40,N,0
500,36,2,14835,219,47,30,20,A,Active,30-40,N,0
501,39,2,8890,117,147,45,9,A,Active,30-40,N,0
502,41,1,15565,184,160,34,10,A,Active,Under 30,N,0
503,35,0,1548,44,331,7,1,A,Active,Under 30,N,0
504,36,1,4740,87,7,23,11,A,Active,30-40,N,0
505,11,2,4695,46,222,12,7,A,Active,30-40,N,0
506,27,0,100,15,0,3,7,A,Inactive,Under 30,N,0
507,12,2,2773,43,21,15,7,A,Active,30-40,N,0
508,33,0,2360,41,136,17,1,A,Active,Under 30,N,0
509,35,0,2745,38,7,16,7,A,Active,30-40,N,1
510,15,0,8932,171,73,40,12,A,Active,Over 40,N,0
511,16,3,2852,45,31,19,8,A,Active,30-40,N,0
512,35,0,1070,52,14,16,26,A,Inactive,30-40,Y,1
513,33,0,1555,57,37,32,27,A,Inactive,30-40,Y,1
514,32,0,1085,20,36,9,5,A,Inactive,Over 40,N,0
515,27,0,510,24,1,4,9,A,Inactive,Under 30,N,0
516,36,0,0,0,0,0,0,A,Active,30-40,N,1
517,25,0,0,0,0,0,0,A,Inactive,Under 30,N,0
518,26,0,968,29,9,53,0,A,Active,Over 40,N,0
519,43,0,2230,60,60,28,13,A,Inactive,Over 40,N,0
520,34,0,5553,86,0,8,0,A,Active,Under 30,N,0
521,35,0,3528,82,27,30,0,A,Active,30-40,N,0
522,39,1,7623,132,382,42,6,A,Active,30-40,N,0
523,36,0,0,0,0,0,0,A,Inactive,Under 30,N,0
524,36,0,13713,166,0,42,4,A,Active,30-40,N,0
525,35,1,8810,115,137,41,8,A,Active,30-40,N,0
526,36,1,6143,99,7,10,10,A,Active,30-40,N,0
527,36,1,5628,97,17,21,11,A,Active,Under 30,N,1
528,37,1,6718,75,108,37,8,A,Active,Under 30,N,0
529,40,2,3400,33,490,10,9,A,Active,30-40,N,0
530,33,0,0,0,0,0,0,A,Inactive,30-40,N,1
531,30,0,880,33,21,12,13,A,Inactive,Under 30,N,0
532,42,1,15485,188,158,31,11,A,Active,Under 30,N,0
533,17,0,2100,31,29,12,3,A,Active,Under 30,N,0
534,37,2,5933,104,58,28,13,A,Active,30-40,N,0
535,29,0,1605,41,38,24,20,A,Inactive,30-40,N,0
536,33,0,3538,74,0,23,0,A,Active,Under 30,N,0
537,39,1,3370,77,14,30,10,A,Active,30-40,N,0
538,36,1,7123,80,109,35,9,A,Active,Under 30,N,0
539,34,0,14470,165,118,28,0,A,Active,Under 30,N,0
540,40,0,213,4,10,6,1,A,Inactive,30-40,N,1
541,37,0,1970,50,45,22,8,A,Inactive,30-40,N,0
542,41,2,6303,112,44,31,20,A,Active,Under 30,N,0
543,24,2,2080,34,45,20,8,A,Active,30-40,N,0
544,38,0,4180,70,0,14,6,A,Active,30-40,N,0
545,25,0,3415,62,17,26,4,A,Active,30-40,N,0
546,43,0,1135,24,15,17,5,A,Inactive,Under 30,N,0
547,43,0,260,10,15,6,5,A,Inactive,Under 30,N,1
548,34,1,13818,165,7,40,7,A,Active,30-40,N,0
549,38,1,6313,70,90,39,7,A,Active,Under 30,N,0
550,15,0,5488,125,57,25,7,B,Active,Under 30,N,0
551,36,0,4255,66,7,18,5,A,Active,Under 30,N,0
552,38,1,15600,188,182,34,9,A,Active,Under 30,N,0
553,34,5,9530,77,0,25,12,A,Active,Over 40,N,0
554,21,2,2115,38,67,20,7,A,Active,30-40,N,0
555,39,0,6423,71,94,24,9,A,Active,Under 30,N,0
556,31,0,1585,42,28,16,2,A,Inactive,30-40,N,0
557,26,1,1125,36,218,13,0,B,Active,Under 30,N,0
558,36,0,818,8,18,7,2,A,Inactive,Over 40,N,1
559,35,0,0,0,0,0,0,A,Inactive,30-40,N,1
560,36,3,7205,109,53,28,8,A,Active,Over 40,N,0
561,45,2,8073,143,406,51,13,A,Active,30-40,N,0
562,22,0,1530,32,18,14,13,A,Active,Under 30,N,0
563,36,0,5613,89,0,10,1,A,Active,Under 30,N,0
564,25,0,1200,31,195,12,1,B,Active,Under 30,N,0
565,34,0,318,4,0,3,0,A,Inactive,Under 30,N,0
566,32,0,11465,148,3,46,5,A,Active,30-40,N,0
567,36,1,2578,58,355,21,13,A,Active,30-40,N,0
568,40,3,6183,107,38,28,21,A,Active,30-40,N,0
569,25,2,2000,38,43,17,9,A,Active,30-40,N,0
570,36,0,3700,52,17,16,15,A,Inactive,30-40,Y,1
571,36,1,528,5,13,5,2,A,Active,Over 40,N,0
572,35,3,16030,242,8,84,25,A,Active,Under 30,N,0
573,29,2,3590,70,20,27,10,A,Active,30-40,N,0
574,34,0,305,6,7,2,5,A,Inactive,Over 40,N,1
575,37,2,6528,109,34,24,19,A,Active,Under 30,N,0
576,27,0,1015,10,7,2,5,A,Inactive,Over 40,N,0
577,18,0,9113,179,84,45,14,A,Active,Over 40,N,0
578,12,1,1182,19,1,6,0,A,Active,30-40,N,1
579,18,0,2920,49,0,20,0,A,Active,30-40,N,0
580,36,2,8925,121,169,45,8,A,Active,30-40,N,0
581,16,3,2608,42,29,19,6,A,Active,30-40,N,0
582,30,0,1120,37,49,13,16,A,Inactive,30-40,N,0
583,31,0,0,0,0,0,0,A,Inactive,Under 30,Y,1
584,34,1,6975,97,7,20,8,A,Active,Over 40,N,0
585,36,0,15295,182,175,32,4,A,Active,Under 30,N,0
586,31,1,8855,111,129,37,8,A,Active,30-40,N,0
587,39,0,2235,41,289,21,1,A,Active,30-40,N,0
588,40,2,3225,30,17,20,7,A,Active,30-40,N,0
589,9,0,888,9,0,3,0,A,Active,30-40,Y,1
590,33,0,0,0,0,0,0,A,Active,Over 40,N,0
591,39,0,13648,171,4,47,4,A,Active,30-40,N,0
592,35,0,11160,148,4,45,2,A,Active,30-40,N,0
593,37,1,0,0,0,0,0,A,Active,Over 40,N,0
594,15,0,8933,171,73,40,12,A,Active,Over 40,N,0
595,36,0,0,0,0,0,0,A,Active,Over 40,N,0
596,39,4,7623,91,136,54,17,B,Active,Under 30,N,0
597,37,0,2535,22,1,13,0,A,Active,30-40,N,0
598,38,1,11340,109,29,59,30,A,Active,Over 40,N,0
599,36,2,14645,218,38,27,18,A,Active,30-40,N,0
600,31,0,0,0,0,0,0,A,Active,Over 40,N,0
601,38,0,3173,60,62,48,18,A,Inactive,Over 40,N,1
602,36,1,3145,28,7,16,6,A,Active,30-40,N,0
603,38,9,10495,96,6,44,24,B,Active,Over 40,Y,0
604,41,0,4378,74,12,40,12,A,Active,Under 30,N,0
605,14,0,1615,24,18,10,1,A,Active,Under 30,N,0
606,39,0,2448,52,45,36,11,A,Inactive,30-40,Y,1
607,36,0,1000,12,7,8,5,A,Inactive,Under 30,N,0
608,34,0,630,12,3,4,1,A,Inactive,Under 30,N,0
609,35,0,1170,18,14,24,0,A,Inactive,Under 30,N,0
610,35,0,13593,161,0,39,5,A,Active,30-40,N,0
611,39,1,5998,106,37,29,15,A,Active,Under 30,N,0
612,39,0,3413,82,3,27,0,A,Active,30-40,N,0
613,16,0,1390,20,21,12,0,A,Active,Under 30,N,0
614,36,1,4423,70,7,33,14,A,Active,Under 30,N,0
615,34,1,3005,57,172,21,10,A,Active,Under 30,N,0
616,40,0,2733,61,24,22,16,A,Inactive,30-40,N,0
617,36,3,938,14,25,17,4,A,Active,Over 40,N,0
618,37,1,6310,85,177,23,1,A,Active,30-40,N,0
619,38,0,2483,57,10,17,11,A,Inactive,30-40,N,0
620,40,1,2870,23,486,10,0,A,Active,30-40,N,0
621,39,0,5513,90,0,14,5,A,Active,30-40,N,0
622,30,0,5558,88,11,18,8,A,Active,Under 30,Y,1
623,36,0,3465,55,0,10,0,A,Active,Under 30,N,0
624,38,4,6723,114,54,41,22,A,Active,30-40,N,0
625,41,2,2818,69,371,28,18,A,Active,30-40,N,0
626,30,1,14575,209,32,24,15,A,Active,Under 30,N,0
627,33,0,920,10,7,7,5,A,Inactive,Under 30,N,0
628,36,1,9000,115,112,39,13,A,Active,30-40,N,0
629,24,0,663,23,2,51,0,A,Active,Over 40,N,0
630,38,1,688,10,14,6,3,A,Active,Over 40,N,1
631,40,1,6033,100,5,11,9,A,Active,30-40,N,0
632,40,0,1615,30,41,25,11,A,Inactive,30-40,N,0
633,31,2,1395,38,203,15,5,B,Active,Under 30,N,0
634,36,0,133,2,0,2,0,A,Inactive,30-40,N,1
635,41,9,10920,107,19,49,28,B,Active,Over 40,N,0
636,37,0,2655,55,179,26,3,A,Active,Under 30,N,0
637,44,3,11770,166,26,50,14,A,Active,Over 40,N,0
638,45,0,578,15,22,10,5,A,Inactive,30-40,N,0
639,34,0,1145,47,7,15,28,A,Inactive,Under 30,Y,1
640,39,0,305,6,7,2,5,A,Inactive,Under 30,N,1
641,32,0,5453,89,14,20,5,A,Active,Under 30,Y,1
642,35,0,15180,176,143,28,4,A,Active,Under 30,N,0
643,33,0,2600,45,164,18,4,A,Active,Under 30,N,0
644,32,0,13513,159,0,38,2,A,Active,30-40,N,0
645,37,1,11465,154,11,47,7,A,Active,Over 40,N,0
646,30,3,16480,243,1,78,26,A,Active,Under 30,N,0
647,36,1,2900,25,5,16,4,A,Active,30-40,N,0
648,37,0,0,0,0,0,0,A,Inactive,Under 30,N,0
649,34,0,5513,92,19,22,8,A,Active,Under 30,N,1
650,36,0,405,8,6,6,0,A,Inactive,Under 30,N,0
651,40,1,2453,61,7,35,6,A,Active,Under 30,N,0
652,33,0,5918,89,0,11,4,A,Active,Under 30,N,0
653,40,1,3550,78,35,30,7,A,Active,30-40,N,0
654,35,1,8810,115,137,41,8,A,Active,30-40,N,0
655,38,9,10930,100,17,47,28,A,Active,Over 40,N,0
656,34,3,6965,116,271,33,6,B,Active,Under 30,N,0
657,35,0,4503,66,0,36,13,A,Active,Under 30,N,0
658,43,2,15870,190,167,36,15,A,Active,Under 30,N,0
659,32,2,1530,44,34,16,17,A,Active,Under 30,N,0
660,33,0,8750,112,132,39,5,A,Active,30-40,N,0
661,30,0,1283,17,0,5,0,A,Active,30-40,N,0
662,35,0,1033,12,10,2,1,A,Inactive,Over 40,N,1
663,39,2,3355,50,21,20,17,A,Active,30-40,Y,1
664,39,0,3965,66,0,19,7,A,Active,30-40,N,0
665,41,0,3893,66,2,34,7,A,Active,Under 30,N,0
666,36,0,3893,60,0,33,5,A,Active,Under 30,N,0
667,37,1,7753,130,386,43,5,A,Active,30-40,N,0
668,38,2,14373,179,21,59,11,A,Active,30-40,N,0
669,29,0,1000,43,8,13,23,A,Inactive,Under 30,N,1
670,32,0,3515,72,17,22,6,A,Active,Under 30,N,0
671,31,7,10435,87,0,41,19,A,Active,Over 40,N,0
672,26,0,580,7,19,3,0,A,Active,Over 40,N,0
673,37,0,2643,59,9,15,10,A,Inactive,30-40,N,0
674,33,1,6785,97,14,22,3,A,Active,Over 40,N,0
675,23,0,2920,55,1,21,0,A,Active,30-40,N,0
676,19,3,2547,45,32,18,5,A,Active,30-40,N,0
677,29,1,760,28,15,9,14,A,Active,30-40,N,0
678,30,0,1795,23,263,10,0,A,Active,30-40,N,0
679,34,0,0,0,6,0,0,A,Active,Over 40,N,0
680,40,3,3298,74,30,50,12,A,Active,Under 30,N,0
681,31,0,4065,59,0,14,1,A,Active,Under 30,N,0
682,36,0,1855,44,13,18,8,A,Inactive,30-40,N,0
683,36,0,5218,88,5,9,9,A,Active,Under 30,Y,1
684,37,0,8,4,4,5,0,A,Inactive,30-40,N,1
685,23,0,920,26,12,11,5,A,Active,Under 30,N,0
686,40,2,4080,88,39,30,16,A,Active,30-40,N,0
687,37,0,2978,55,42,31,15,A,Inactive,30-40,Y,1
688,27,0,940,16,53,7,0,A,Inactive,Over 40,N,0
689,35,2,11760,158,25,60,6,A,Active,30-40,N,0
690,39,0,5793,97,11,15,3,A,Active,Under 30,N,0
691,33,0,11100,145,0,43,0,A,Active,30-40,N,0
692,23,1,1360,32,185,7,5,B,Active,Under 30,N,0
693,38,4,7045,118,281,37,7,B,Active,Under 30,Y,0
694,28,0,3153,66,0,20,0,A,Active,Under 30,N,0
695,35,0,1015,14,12,9,5,A,Inactive,Under 30,N,0
696,38,0,2085,56,77,26,8,A,Inactive,Over 40,N,0
697,32,0,6500,80,178,25,1,A,Active,30-40,N,0
698,34,1,1893,29,7,4,5,A,Active,Over 40,N,0
699,43,0,1260,22,17,17,6,A,Inactive,Under 30,N,0
700,41,3,4790,99,47,30,22,A,Active,30-40,N,0
701,19,2,6698,147,92,44,21,B,Active,Under 30,N,0
702,17,3,9838,187,101,57,21,A,Active,Over 40,N,0
703,41,3,6865,95,198,30,11,A,Active,30-40,N,0
704,34,1,2405,35,277,14,5,A,Active,30-40,N,0
705,15,1,9178,174,75,40,14,A,Active,Over 40,N,0
706,39,1,2840,28,8,15,3,A,Active,30-40,N,0
707,33,0,1170,37,22,15,0,A,Inactive,30-40,N,0
708,37,0,1970,50,45,22,8,A,Inactive,30-40,N,0
709,37,0,1683,47,0,33,0,A,Active,Under 30,N,0
710,36,0,0,0,0,0,0,A,Inactive,Under 30,N,0
711,38,3,4623,98,30,45,11,A,Active,30-40,N,0
712,43,1,4683,80,19,42,17,A,Active,Under 30,N,0
713,36,0,5013,79,0,13,0,A,Active,Under 30,N,0
714,39,2,7023,81,115,39,13,A,Active,Under 30,N,0
715,37,3,15545,230,55,30,26,A,Active,30-40,Y,0
716,31,0,825,16,29,4,2,A,Inactive,Over 40,N,0
717,39,0,0,0,3,0,0,A,Inactive,Under 30,N,1
718,42,2,14138,178,12,48,15,A,Active,30-40,N,0
719,40,1,2888,65,18,38,10,A,Active,Under 30,N,0
720,32,0,840,41,0,13,23,A,Inactive,Under 30,N,1
721,41,9,10435,99,9,43,23,B,Active,Over 40,N,0
722,31,0,0,0,0,0,0,A,Inactive,Under 30,N,1
723,45,2,2665,51,300,21,11,A,Active,Over 40,N,0
724,39,0,990,19,0,10,3,A,Inactive,Under 30,N,0
725,37,0,4008,66,26,37,5,A,Active,Under 30,N,0
726,24,3,6697,153,100,45,23,B,Active,Under 30,N,0
727,38,0,710,14,13,8,2,A,Inactive,30-40,N,0
728,43,1,13773,175,8,45,9,A,Active,30-40,N,0
729,33,0,0,0,0,0,0,A,Inactive,Under 30,Y,1
730,19,0,1263,27,15,65,0,A,Active,Over 40,N,0
731,38,1,3778,85,7,30,5,A,Active,30-40,N,0
732,34,0,2273,52,348,19,8,A,Active,30-40,N,0
733,37,0,2453,60,359,24,10,A,Active,30-40,N,0
734,38,0,15675,182,125,28,14,A,Active,Under 30,N,0
735,34,0,0,0,0,0,0,A,Inactive,Under 30,Y,1
736,38,1,2568,66,391,28,10,A,Active,30-40,N,0
737,35,0,1855,45,47,23,5,A,Inactive,30-40,N,0
738,32,1,8630,107,126,36,6,A,Active,30-40,N,0
739,41,0,4550,79,16,22,10,A,Active,30-40,N,0
740,3,0,3825,24,193,2,0,A,Active,Under 30,N,0
741,40,0,4145,67,8,19,4,A,Active,Under 30,N,0
742,28,1,6580,108,254,27,0,B,Active,Under 30,N,0
743,35,1,1793,23,7,3,5,A,Active,Over 40,N,0
744,38,3,5115,93,23,40,11,A,Active,30-40,N,0
745,30,0,1260,47,15,18,26,A,Inactive,Under 30,Y,1
746,40,2,3590,34,499,13,11,A,Active,30-40,N,0
747,43,0,1195,28,31,15,9,A,Inactive,30-40,N,0
748,33,8,10255,85,0,37,19,A,Active,Over 40,N,0
749,34,5,7565,126,292,48,10,B,Active,Under 30,N,0
750,40,3,7515,103,201,28,14,A,Active,30-40,N,0
751,35,0,4018,58,0,30,8,A,Active,Under 30,N,0
752,22,0,3530,61,7,24,5,A,Active,30-40,N,0
753,37,2,8108,137,405,58,7,A,Active,30-40,N,0
754,39,3,6833,115,41,26,24,A,Active,30-40,N,0
755,10,1,2468,37,14,13,2,A,Active,30-40,N,0
756,42,2,4595,85,12,29,8,A,Active,30-40,N,0
757,39,0,7283,123,387,45,0,A,Active,Under 30,N,0
758,23,0,620,23,0,3,10,A,Inactive,Under 30,N,0
759,34,0,4913,82,0,7,4,A,Active,Under 30,N,1
760,42,0,13728,173,8,48,7,A,Active,30-40,N,0
761,36,1,1913,28,7,6,5,A,Active,Over 40,N,0
762,28,0,1130,16,28,5,5,A,Inactive,Over 40,N,0
763,38,1,5593,94,29,26,9,A,Active,Under 30,N,1
764,32,1,3135,26,14,27,0,A,Active,30-40,N,0
765,33,1,6595,96,5,19,1,A,Active,Over 40,N,0
766,36,0,650,11,8,6,0,A,Inactive,Under 30,N,0
767,39,1,6275,82,189,28,0,A,Active,30-40,N,0
768,39,4,7450,130,289,40,13,B,Active,30-40,N,0
769,33,0,1360,38,31,18,0,A,Inactive,30-40,N,0
770,37,1,4180,87,33,26,12,A,Active,30-40,N,0
771,36,0,2790,21,476,6,0,A,Active,30-40,N,0
772,16,3,2853,45,31,19,8,B,Active,30-40,N,0
773,40,0,7203,127,385,42,0,A,Active,30-40,N,0
774,35,0,11160,148,4,45,2,A,Active,30-40,N,0
775,28,0,0,0,0,0,0,A,Active,Over 40,Y,1
776,40,0,485,10,16,10,0,A,Inactive,Under 30,N,0
777,43,10,10740,105,16,45,28,B,Active,Over 40,N,0
778,39,1,15790,188,157,32,14,A,Active,Under 30,N,0
779,37,0,5208,84,0,12,0,A,Active,Under 30,N,0
780,10,1,1678,19,7,5,8,A,Active,30-40,N,1
781,25,0,0,0,0,0,0,A,Inactive,Over 40,N,0
782,36,1,2618,62,7,31,7,A,Active,Under 30,N,0
783,37,0,520,14,38,10,0,A,Inactive,30-40,N,0
784,36,0,5613,89,0,10,1,A,Active,Under 30,N,0
785,40,3,14915,221,57,34,21,A,Active,30-40,N,0
786,46,5,15705,241,76,40,35,A,Active,30-40,N,0
787,29,0,6420,88,2,18,0,A,Active,Over 40,N,0
788,36,0,2088,52,0,31,0,A,Active,Under 30,N,0
789,37,1,6528,74,99,34,6,A,Active,Under 30,N,0
790,36,0,2268,44,34,31,9,A,Inactive,30-40,N,1
791,11,0,6008,133,68,36,10,B,Active,Under 30,N,0
792,42,2,4563,75,13,39,18,A,Active,Under 30,N,0
793,32,1,3763,78,7,24,5,A,Active,Under 30,N,0
794,37,1,6718,75,108,37,8,A,Active,Under 30,N,0
795,36,0,4455,80,0,23,4,A,Active,30-40,N,0
796,37,0,910,51,24,21,23,A,Inactive,Under 30,Y,1
797,35,1,6560,93,17,24,0,A,Active,Over 40,N,0
798,30,0,395,25,11,6,8,A,Inactive,30-40,N,0
799,40,0,2135,35,288,20,0,A,Active,30-40,N,0
800,40,3,7090,109,29,25,10,A,Active,Over 40,N,0
801,29,0,1405,34,23,14,0,A,Inactive,30-40,N,0
802,39,2,7023,81,115,39,13,A,Active,Under 30,N,0
803,36,0,4065,65,0,15,3,A,Active,Under 30,N,0
804,39,0,1955,34,267,20,3,A,Active,30-40,N,0
805,35,2,7013,79,122,50,7,A,Active,Under 30,N,0
806,35,7,10320,87,0,38,21,B,Active,Over 40,N,0
807,36,1,305,6,7,2,5,A,Active,Over 40,N,0
808,18,1,1940,29,30,14,5,A,Active,Under 30,N,0
809,37,7,10310,95,5,45,18,B,Active,Over 40,N,0
810,30,0,905,12,31,7,1,A,Inactive,Over 40,N,0
811,35,0,2080,10,451,6,0,A,Active,30-40,N,0
812,5,0,1408,17,0,3,2,A,Active,30-40,N,1
813,24,0,895,24,154,5,0,B,Active,Under 30,N,0
814,42,0,790,16,23,12,3,A,Inactive,30-40,N,0
815,43,3,11850,162,28,53,13,A,Active,Over 40,N,0
816,9,1,1677,20,9,10,5,A,Active,30-40,N,1
817,36,0,2970,54,184,26,8,A,Active,Under 30,N,0
818,13,1,1837,28,0,17,0,A,Active,30-40,N,0
819,36,0,13658,164,2,45,4,A,Active,30-40,N,0
820,34,0,5513,92,19,22,8,A,Active,Under 30,N,1
821,33,0,0,0,0,0,0,A,Active,Over 40,N,0
822,35,0,1553,19,0,2,1,A,Active,30-40,N,0
823,33,4,16380,244,7,82,30,B,Active,Under 30,N,0
824,32,0,650,27,6,18,0,A,Inactive,30-40,N,0
825,25,0,1225,32,19,13,10,A,Active,Under 30,N,0
826,38,1,14540,215,33,17,21,A,Active,30-40,N,0
827,29,0,10900,138,0,39,0,A,Active,30-40,N,0
828,40,1,2665,45,292,20,9,A,Active,30-40,N,0
829,39,0,15260,178,153,32,5,A,Active,Under 30,N,0
830,39,2,4138,94,41,34,7,A,Active,30-40,N,0
831,34,0,2070,49,39,18,4,A,Inactive,30-40,N,0
832,41,2,4790,83,44,23,13,A,Active,30-40,N,0
833,40,1,4503,72,8,37,15,A,Active,Under 30,N,0
834,18,1,6583,141,60,40,21,B,Active,Under 30,N,0
835,40,0,0,0,0,0,0,A,Inactive,30-40,N,0
836,37,5,16460,246,17,86,31,A,Active,Under 30,N,0
837,36,0,165,3,0,11,0,A,Inactive,Under 30,N,0
838,7,0,1372,14,2,8,0,A,Active,Under 30,Y,1
839,36,3,9240,119,140,40,16,A,Active,30-40,N,0
840,38,1,6095,81,168,28,2,A,Active,30-40,N,0
841,37,0,10865,144,0,32,3,A,Active,30-40,N,0
842,30,0,2760,20,0,10,0,A,Active,30-40,N,0
843,26,0,1758,40,39,71,6,A,Active,Over 40,N,0
844,39,1,4110,78,0,27,6,A,Active,30-40,N,0
845,28,2,2025,47,201,11,10,B,Active,30-40,N,0
846,36,1,4000,86,29,26,15,A,Active,30-40,N,0
847,35,0,0,0,0,0,0,A,Inactive,Under 30,N,0
848,8,2,4515,38,211,7,5,A,Active,30-40,N,0
849,24,0,520,4,14,1,0,A,Inactive,Over 40,N,0
850,35,3,9410,125,158,56,12,A,Active,30-40,N,0
851,31,3,15885,237,0,77,23,A,Active,Under 30,N,0
852,24,0,520,4,14,1,0,A,Inactive,Over 40,N,0
853,31,0,3470,70,17,25,4,A,Active,Under 30,N,0
854,41,2,3145,34,15,17,8,A,Active,Over 40,N,0
855,41,2,14193,181,39,50,12,A,Active,30-40,N,0
856,40,1,2508,63,0,32,6,A,Active,Under 30,N,0
857,44,2,3345,69,197,31,16,A,Active,Under 30,N,0
858,34,0,695,6,0,6,0,A,Inactive,Under 30,N,0
859,37,1,11220,151,9,47,5,A,Active,30-40,N,0
860,41,1,6673,79,116,41,8,A,Active,Under 30,N,0
861,35,0,2800,40,0,13,7,A,Inactive,30-40,Y,1
862,12,0,9237,171,72,41,15,A,Active,Over 40,N,0
863,31,2,7080,101,28,35,2,A,Active,Over 40,N,0
864,31,0,3893,54,0,32,3,A,Active,Under 30,N,0
865,41,0,133,8,8,3,2,A,Inactive,30-40,N,1
866,27,1,3285,64,13,25,5,A,Active,30-40,N,0
867,40,1,14078,175,7,46,12,A,Active,30-40,N,0
868,40,0,13548,165,3,46,3,A,Active,30-40,N,0
869,41,0,305,6,7,2,5,A,Inactive,30-40,N,0
870,34,0,2283,50,7,13,9,A,Inactive,30-40,N,0
871,12,3,5405,57,230,12,13,A,Active,30-40,N,0
872,17,4,2968,51,63,23,8,B,Active,30-40,N,0
873,37,0,2375,48,157,25,5,A,Active,Under 30,N,0
874,34,0,0,0,0,0,0,A,Inactive,Over 40,N,1
875,26,1,1720,41,194,9,5,B,Active,Under 30,N,0
876,34,0,5485,69,154,24,0,A,Active,30-40,N,0
877,34,0,5703,93,28,25,10,A,Active,Under 30,N,1
878,36,0,0,0,0,0,0,A,Inactive,Under 30,Y,1
879,35,1,7733,131,381,41,7,A,Active,30-40,N,0
880,38,0,1793,48,0,18,0,A,Active,Under 30,N,0
881,38,0,2680,61,53,22,14,A,Inactive,Over 40,N,0
882,19,0,0,0,0,0,0,A,Inactive,Under 30,N,0
883,41,3,3515,39,522,14,9,A,Active,Over 40,N,0
884,38,3,3685,69,203,40,15,A,Active,Under 30,N,0
885,39,0,495,7,16,5,7,A,Inactive,Under 30,N,1
886,29,0,1888,44,337,16,0,A,Active,Under 30,N,0
887,34,0,0,0,0,0,0,A,Inactive,Under 30,N,0
888,35,0,15180,176,143,28,4,A,Active,Under 30,N,0
889,34,0,2475,47,168,21,1,A,Active,Under 30,N,0
890,41,1,2153,39,18,13,8,A,Active,Over 40,N,0
891,9,1,1487,19,0,7,3,A,Active,30-40,N,1
892,42,2,6500,92,194,27,5,A,Active,30-40,N,0
893,39,0,2948,65,16,17,15,A,Inactive,30-40,N,0
894,18,2,6508,147,117,46,16,B,Active,Under 30,N,0
895,11,2,1793,25,7,9,8,A,Active,30-40,Y,1
896,9,1,4635,43,217,10,5,A,Active,30-40,N,0
897,35,0,1260,53,23,19,28,A,Inactive,30-40,Y,1
898,30,0,6365,85,0,16,0,A,Active,Over 40,N,0
899,37,0,3105,46,7,15,12,A,Inactive,30-40,N,1
900,7,0,8368,155,51,32,2,A,Active,Over 40,N,0
901,33,0,438,2,0,3,3,A,Inactive,30-40,N,1
902,34,0,3695,80,22,24,10,A,Active,30-40,N,0
903,35,8,10840,98,2,40,22,A,Active,Over 40,N,0
904,45,2,14078,181,15,47,14,A,Active,30-40,N,0
905,43,2,7893,135,401,49,9,A,Active,30-40,N,0
906,36,0,2023,41,32,31,7,A,Active,30-40,Y,1
907,37,1,6043,93,7,9,9,A,Active,30-40,N,0
908,32,0,4255,73,0,19,2,A,Active,30-40,N,0
909,25,2,15815,228,0,74,20,A,Active,Under 30,N,0
910,40,1,4290,79,5,27,3,A,Active,30-40,N,0
911,40,2,4820,89,9,27,12,A,Active,30-40,N,0
912,41,3,9195,123,154,47,14,A,Active,30-40,N,0
913,35,0,1665,44,38,20,3,A,Inactive,30-40,N,0
914,33,4,16570,245,16,85,32,B,Active,Under 30,N,0
915,38,0,628,9,16,7,7,A,Inactive,30-40,N,1
916,28,2,1430,42,225,15,4,B,Active,30-40,N,0
917,30,3,1735,48,232,17,9,B,Active,30-40,N,0
918,26,0,6480,85,0,19,0,A,Active,Over 40,N,0
919,42,2,4103,90,19,34,8,A,Active,30-40,N,0
920,35,1,3843,80,7,25,5,A,Active,30-40,N,0
921,20,0,740,18,1,6,3,A,Active,Under 30,N,0
922,15,2,9533,181,94,55,16,A,Active,Over 40,N,0
923,29,0,3413,70,0,25,0,A,Active,Under 30,N,0
924,40,2,418,6,14,6,1,A,Active,Over 40,N,0
925,36,0,2590,52,166,20,4,A,Active,Under 30,N,0
926,13,0,8028,155,45,23,3,A,Active,Over 40,N,0
927,28,0,0,0,0,0,0,A,Inactive,Under 30,N,1
928,44,10,11000,109,23,50,31,A,Active,Over 40,N,0
929,36,0,2055,33,278,16,0,A,Active,30-40,N,0
930,38,0,438,8,7,4,5,A,Inactive,30-40,N,1
931,43,4,15140,231,62,33,27,A,Active,30-40,N,0
932,40,1,13888,174,0,43,10,A,Active,30-40,N,0
933,22,2,9237,183,88,43,19,A,Active,Over 40,N,0
934,36,0,4400,78,4,26,4,A,Active,30-40,N,0
935,9,1,4200,39,206,7,0,A,Active,30-40,N,0
936,35,0,2070,42,150,23,0,A,Active,Under 30,N,0
937,36,4,7270,122,278,35,11,B,Active,30-40,N,0
938,14,0,8222,160,48,40,6,A,Active,Over 40,N,0
939,13,2,4470,42,225,14,3,A,Active,30-40,N,0
940,29,2,1620,42,200,13,9,B,Active,30-40,N,0
941,37,2,16085,192,171,45,13,A,Active,Under 30,N,0
942,34,0,3833,57,0,31,2,A,Active,Under 30,N,0
943,46,2,2925,55,307,26,14,A,Active,Over 40,N,0
944,36,1,3145,28,7,16,6,A,Active,30-40,N,0
945,38,0,3410,53,48,22,14,A,Inactive,30-40,N,1
946,23,0,1165,29,14,11,7,A,Active,Under 30,N,0
947,39,0,585,16,17,11,0,A,Inactive,Under 30,N,0
948,35,1,9000,116,146,44,10,A,Active,30-40,N,0
949,30,0,0,0,0,0,0,A,Inactive,Under 30,Y,1
950,36,1,6528,75,133,39,3,A,Active,Under 30,N,0
951,32,0,3295,41,8,17,12,A,Inactive,30-40,Y,1
952,37,0,2263,59,350,21,8,A,Active,30-40,N,0
953,38,1,4325,82,0,22,5,A,Active,30-40,N,0
954,41,0,80,2,10,4,1,A,Inactive,Under 30,N,1
955,18,4,2967,50,29,18,11,A,Active,30-40,N,0
956,15,0,6333,138,80,40,13,B,Active,Under 30,N,0
957,16,0,1580,21,30,15,0,A,Active,Under 30,N,0
958,35,1,8810,115,137,41,8,A,Active,30-40,N,0
959,36,8,10435,93,1,42,21,A,Active,Over 40,Y,0
960,12,0,8513,159,34,34,7,A,Active,Over 40,N,0
961,37,0,2570,60,66,37,12,A,Inactive,Over 40,Y,1
962,37,0,0,0,0,0,0,A,Inactive,Under 30,N,0
963,42,2,6718,81,116,38,10,A,Active,Under 30,N,0
964,35,0,6413,69,101,35,3,A,Active,Under 30,N,0
965,17,1,8993,174,78,42,15,A,Active,Over 40,N,0
966,35,0,7448,124,379,41,0,A,Active,Under 30,N,0
967,33,0,2373,58,349,20,9,A,Active,Under 30,N,0
968,41,0,955,16,10,15,1,A,Inactive,Under 30,N,0
969,32,0,305,6,7,2,5,A,Inactive,30-40,N,1
970,39,3,16390,198,178,47,18,A,Active,Under 30,N,0
971,21,2,9318,179,90,46,18,A,Active,Over 40,N,0
972,30,4,16200,236,7,77,28,B,Active,Under 30,N,0
973,36,0,133,2,0,2,0,A,Inactive,30-40,N,1
974,15,0,5897,134,69,37,9,B,Active,Under 30,N,0
975,38,0,110,4,0,1,0,A,Inactive,Under 30,N,0
976,38,1,4023,88,9,30,7,A,Active,30-40,N,0
977,33,3,1700,44,210,17,10,B,Active,30-40,N,0
978,38,0,2643,60,334,22,15,A,Active,Under 30,N,0
979,43,0,2573,56,49,34,16,A,Inactive,Over 40,Y,1
980,28,0,575,27,14,10,8,A,Inactive,Under 30,N,0
981,11,1,8978,167,65,36,12,A,Active,Over 40,N,0
982,39,3,1353,21,19,4,11,A,Active,Over 40,N,0
983,35,0,7393,122,386,44,0,A,Active,Under 30,N,0
984,34,0,2158,52,0,13,8,A,Inactive,30-40,N,0
985,34,1,11770,154,10,48,10,A,Active,30-40,N,0
986,37,0,5900,76,165,11,0,A,Active,30-40,N,0
987,6,1,4695,40,214,11,5,A,Active,30-40,N,0
988,31,0,1710,40,30,16,5,A,Inactive,30-40,N,0
989,38,1,3095,27,483,8,4,A,Active,30-40,N,0
990,40,4,15445,231,61,34,30,B,Active,30-40,N,0
991,21,0,825,4,13,2,0,A,Inactive,Over 40,N,0
992,41,3,4110,44,498,10,15,A,Active,Over 40,N,0
993,30,0,2395,45,158,17,0,A,Active,Under 30,N,0
994,36,0,14235,209,26,15,16,A,Active,30-40,N,0
995,40,1,6223,101,14,14,11,A,Active,30-40,N,0
996,34,0,2280,30,0,16,3,A,Inactive,Under 30,Y,1
997,39,1,4485,77,37,21,8,A,Active,30-40,N,0
998,34,1,4560,79,7,21,7,A,Active,30-40,N,0
999,16,1,2253,35,10,4,4,A,Active,30-40,N,0
1000,38,0,2383,49,32,30,12,A,Inactive,Over 40,N,1
1001,33,0,1960,48,52,33,2,A,Inactive,30-40,Y,1
1002,38,0,750,16,4,14,0,A,Inactive,Under 30,N,0
1003,32,2,15950,240,4,83,22,A,Active,Under 30,N,0
1004,9,0,8548,163,56,34,6,A,Active,Over 40,N,0
1005,36,4,7270,122,278,35,11,B,Active,30-40,N,0
1006,40,2,4630,88,0,24,10,A,Active,30-40,N,0
1007,26,0,1070,13,23,3,5,A,Inactive,Over 40,N,0
1008,45,2,6223,107,22,15,13,A,Active,30-40,N,0
1009,39,2,6833,80,106,36,11,A,Active,Under 30,N,0
1010,42,2,2053,33,17,12,7,A,Active,Over 40,N,0
1011,19,0,6098,137,71,29,17,B,Active,Under 30,N,0
1012,39,0,13963,169,7,42,12,A,Active,30-40,N,0
1013,41,0,1933,54,9,16,6,A,Inactive,30-40,N,0
1014,39,0,2475,53,176,22,3,A,Active,Under 30,N,0
1015,35,1,6943,79,105,35,12,A,Active,Under 30,N,0
1016,34,0,15065,170,111,24,4,A,Active,Under 30,N,0
1017,40,0,193,7,11,7,0,A,Inactive,Under 30,N,0
1018,26,0,3415,61,7,21,7,A,Active,30-40,N,0
1019,40,0,415,10,7,2,5,A,Inactive,30-40,N,0
1020,36,0,305,6,7,2,5,A,Inactive,30-40,N,1
1021,14,2,1973,33,18,14,10,A,Active,30-40,N,1
1022,38,1,7623,133,416,47,3,A,Active,30-40,N,0
1023,25,0,3225,61,8,23,2,A,Active,30-40,N,0
1024,22,2,6878,155,103,49,23,B,Active,Under 30,N,0
1025,36,0,1135,55,27,22,25,A,Inactive,Under 30,Y,1
1026,25,0,3035,60,0,20,0,A,Active,30-40,N,0
1027,16,2,6518,139,81,39,19,B,Active,Under 30,N,0
1028,35,0,15370,177,152,31,6,A,Active,Under 30,N,0
1029,35,1,2905,51,171,20,9,A,Active,Under 30,N,0
1030,36,8,10680,96,7,42,23,A,Active,Over 40,N,0
1031,8,0,1373,13,0,3,3,A,Active,Under 30,Y,1
1032,19,0,1885,26,7,12,7,A,Active,Under 30,N,0
1033,40,1,5623,91,7,17,7,A,Active,30-40,N,0
1034,36,4,7080,121,269,32,9,B,Active,30-40,N,0
1035,32,0,5738,96,16,20,12,A,Active,Under 30,Y,1
1036,40,3,3265,55,313,35,13,A,Active,Over 40,N,0
1037,18,2,7102,152,93,42,22,B,Active,Under 30,N,0
1038,38,3,2573,41,28,23,10,A,Active,Over 40,N,0
1039,24,0,1120,14,35,16,0,A,Inactive,Over 40,N,0
1040,41,2,2813,70,41,39,8,A,Active,Under 30,N,0
1041,31,0,1250,51,30,30,22,A,Inactive,Under 30,N,1
1042,37,0,743,13,41,8,0,A,Inactive,Over 40,N,1
1043,29,1,1305,34,29,17,11,A,Active,Under 30,N,0
1044,38,3,14950,224,45,29,23,A,Active,30-40,N,0
1045,26,0,825,10,21,3,0,A,Inactive,Over 40,N,0
1046,33,0,3885,57,0,10,1,A,Active,Under 30,N,0
1047,16,3,2852,45,31,19,8,A,Active,30-40,N,0
1048,42,0,4325,75,13,21,8,A,Active,30-40,N,0
1049,39,1,2758,66,366,26,15,A,Active,30-40,N,0
1050,37,2,9115,121,144,43,13,A,Active,30-40,N,0
1051,37,1,6690,87,195,29,5,A,Active,30-40,N,0
1052,38,0,990,20,32,15,0,A,Inactive,Under 30,N,0
1053,28,0,2215,37,153,15,0,A,Active,Under 30,N,0
1054,35,0,1265,41,32,15,21,A,Inactive,30-40,N,0
1055,35,0,3030,22,7,12,6,A,Active,30-40,N,0
1056,32,0,13388,161,0,38,1,A,Active,30-40,N,0
1057,29,2,1620,42,200,13,9,B,Active,30-40,N,0
1058,23,0,0,0,0,0,0,A,Inactive,Over 40,N,0
1059,40,0,2543,60,15,19,14,A,Inactive,30-40,N,0
1060,39,0,553,14,39,8,5,A,Inactive,30-40,N,1
1061,33,0,3245,27,1,12,2,A,Active,30-40,N,0
1062,34,0,8100,104,112,41,2,A,Active,30-40,N,0
1063,33,0,4803,81,0,22,2,A,Active,Under 30,Y,1
1064,33,4,16135,241,5,82,28,A,Active,Under 30,N,0
1065,37,4,9715,131,165,58,17,B,Active,30-40,N,0
1066,37,2,8870,118,142,43,11,A,Active,30-40,N,0
1067,32,0,2133,48,0,27,0,A,Active,Under 30,N,0
1068,23,0,730,25,3,8,3,A,Active,Under 30,N,0
1069,37,0,2160,51,54,25,10,A,Inactive,30-40,N,0
1070,35,0,6658,72,103,35,5,A,Active,Under 30,N,0
1071,40,4,15200,228,59,34,28,A,Active,30-40,N,0
1072,41,2,2780,51,324,24,9,A,Active,Over 40,N,0
1073,33,0,955,47,16,17,23,A,Inactive,Under 30,Y,1
1074,35,0,380,7,0,6,0,A,Inactive,Under 30,N,0
1075,41,1,3955,90,43,33,13,A,Active,30-40,N,0
1076,42,1,3050,31,491,12,4,A,Active,30-40,N,0
1077,27,1,930,28,7,2,11,A,Active,Under 30,N,0
1078,9,0,3790,30,194,23,0,A,Active,30-40,N,0
1079,22,0,0,0,11,0,0,A,Inactive,Over 40,N,0
1080,36,6,7870,132,299,50,15,B,Active,30-40,N,0
1081,30,0,3210,66,10,20,1,A,Active,Under 30,N,0
1082,30,0,5433,90,9,18,7,A,Active,Under 30,N,1
1083,34,0,2730,18,471,4,0,A,Active,30-40,N,0
1084,15,0,9122,172,82,43,14,A,Active,Over 40,N,0
1085,37,0,2458,44,9,29,14,A,Inactive,30-40,N,1
1086,34,0,7088,115,345,37,0,A,Active,Under 30,N,0
1087,40,5,7350,124,288,39,12,B,Active,30-40,N,0
1088,42,0,888,17,24,10,5,A,Inactive,Over 40,N,1
1089,29,0,2605,33,0,10,3,A,Inactive,Under 30,Y,1
1090,36,2,6843,73,104,34,11,A,Active,Under 30,N,0
1091,35,4,7675,127,279,33,12,B,Active,30-40,Y,0
1092,22,0,0,0,9,0,0,A,Inactive,Over 40,N,0
1093,44,1,4458,76,16,41,15,A,Active,Under 30,N,0
1094,39,0,905,16,28,17,9,A,Inactive,Under 30,Y,1
1095,36,0,0,0,0,0,0,A,Inactive,30-40,N,1
1096,24,5,3418,61,53,27,18,B,Active,Over 40,N,0
1097,34,0,1390,26,43,11,10,A,Inactive,Over 40,N,0
1098,25,0,2625,51,0,8,0,A,Active,30-40,N,0
1099,40,0,1015,20,20,10,7,A,Inactive,30-40,N,0
1100,33,0,2875,36,11,17,6,A,Inactive,Under 30,N,1
1101,27,2,15995,236,0,76,24,A,Active,Under 30,N,0
1102,36,0,2533,58,22,30,8,A,Inactive,30-40,N,0
1103,25,0,635,10,46,5,0,A,Inactive,Over 40,N,0
1104,16,1,6797,146,86,40,17,B,Active,Under 30,N,0
1105,37,0,4775,76,23,15,9,A,Active,Under 30,N,0
1106,41,0,13468,169,1,43,4,A,Active,30-40,N,0
1107,35,0,0,0,0,0,0,A,Inactive,Under 30,N,1
1108,19,2,6507,146,83,41,19,B,Active,Under 30,N,0
1109,27,1,1560,39,195,11,6,B,Active,Under 30,N,0
1110,38,2,6123,104,33,26,18,A,Active,Under 30,N,0
1111,33,0,1753,40,0,10,2,A,Inactive,30-40,N,0
1112,37,0,2203,58,27,35,0,A,Active,Under 30,N,0
1113,36,0,1970,64,31,19,34,B,Inactive,30-40,Y,1
1114,39,0,1180,20,7,13,5,A,Inactive,Under 30,N,0
1115,42,2,3175,29,493,12,5,A,Active,30-40,N,0
1116,34,0,0,0,0,0,0,A,Active,Over 40,N,0
1117,13,0,8817,166,75,41,9,A,Active,Over 40,N,0
1118,19,0,2840,53,0,17,0,A,Active,30-40,N,0
1119,38,0,13773,169,0,44,7,A,Active,30-40,N,0
1120,33,1,5638,90,15,19,11,A,Active,Under 30,Y,1
1121,34,0,3658,79,0,26,0,A,Active,Under 30,N,0
1122,42,0,0,0,8,0,0,A,Inactive,Under 30,N,1
1123,40,0,4075,67,7,4,9,A,Active,30-40,N,0
1124,25,1,1540,40,190,9,8,B,Active,30-40,N,0
1125,29,2,15960,233,2,81,22,A,Active,Under 30,N,0
1126,42,2,598,14,19,8,5,A,Active,Over 40,N,0
1127,38,5,7330,125,283,37,14,B,Active,30-40,N,0
1128,25,0,2980,58,6,23,0,A,Active,30-40,N,0
1129,30,0,535,35,0,11,18,A,Inactive,Under 30,N,1
1130,36,0,1743,47,0,12,2,A,Inactive,30-40,N,0
1131,28,0,1730,26,49,20,9,A,Inactive,Over 40,N,0
1132,36,1,4665,75,19,30,7,A,Active,Under 30,N,0
1133,44,1,2620,49,300,24,9,A,Active,30-40,N,0
1134,7,0,992,12,0,2,0,A,Active,Under 30,N,1
1135,5,0,1533,15,7,3,5,A,Active,30-40,Y,1
1136,38,0,6593,77,112,40,5,A,Active,Under 30,N,0
1137,24,0,3035,61,33,25,0,A,Active,30-40,N,0
1138,38,1,3095,27,483,8,4,A,Active,30-40,N,0
1139,45,2,16050,198,172,38,19,A,Active,Under 30,N,0
1140,37,1,6500,86,186,26,3,A,Active,30-40,N,0
1141,28,0,600,6,24,5,0,A,Inactive,Over 40,N,0
1142,13,1,9228,175,87,53,11,A,Active,Over 40,N,0
1143,14,2,2547,39,24,17,3,A,Active,30-40,N,0
1144,36,0,405,8,6,6,0,A,Inactive,Under 30,N,0
1145,38,0,2838,64,29,32,13,A,Inactive,30-40,N,0
1146,30,0,13208,153,0,36,0,A,Active,30-40,N,0
1147,38,0,2360,39,285,18,4,A,Active,30-40,N,0
1148,30,1,1225,38,27,14,12,A,Active,Under 30,N,0
1149,41,0,623,11,14,6,5,A,Inactive,30-40,N,0
1150,27,0,695,37,1,11,18,A,Inactive,Under 30,Y,1
1151,40,0,2633,68,370,29,12,A,Active,30-40,N,0
1152,22,0,3045,53,0,18,0,A,Active,30-40,N,0
1153,41,0,433,10,5,3,3,A,Inactive,30-40,N,0
1154,15,2,1748,29,15,13,8,A,Active,30-40,Y,1
1155,30,2,6885,114,261,29,5,B,Active,Under 30,N,0
1156,36,0,1488,42,0,16,0,A,Active,Under 30,N,0
1157,38,2,2960,49,306,33,8,A,Active,30-40,N,0
1158,34,0,1363,19,0,4,0,A,Active,30-40,N,0
1159,42,1,2440,41,295,22,5,A,Active,30-40,N,0
1160,35,3,6560,111,253,35,5,B,Active,Under 30,N,0
1161,37,0,2385,16,458,8,0,A,Active,30-40,N,0
1162,32,4,16190,244,32,84,25,B,Active,Under 30,N,0
1163,20,1,8932,177,81,41,14,A,Active,Over 40,N,0
1164,37,0,835,12,9,5,5,A,Inactive,30-40,N,0
1165,44,0,1095,22,30,14,8,A,Inactive,30-40,N,0
1166,36,0,2268,44,34,31,9,A,Inactive,30-40,Y,1
1167,37,0,1543,27,4,9,0,A,Active,30-40,N,0
1168,15,4,2978,43,27,16,11,A,Active,30-40,N,0
1169,36,0,12868,153,0,27,0,A,Active,30-40,N,0
1170,29,0,1005,18,32,8,2,A,Inactive,Over 40,N,0
1171,37,0,843,13,8,2,6,A,Inactive,30-40,N,1
1172,27,1,6660,104,256,30,0,B,Active,Under 30,N,0
1173,36,4,16560,252,18,87,32,B,Active,Under 30,Y,0
1174,37,1,3050,44,14,18,12,A,Active,30-40,N,1
1175,18,0,6268,143,89,45,13,B,Active,Under 30,N,0
1176,45,0,565,16,22,8,10,A,Inactive,30-40,N,1
1177,15,2,2738,39,0,15,8,A,Active,30-40,N,0
1178,12,0,1435,16,13,8,0,A,Active,Under 30,N,0
1179,43,1,2845,53,303,25,11,A,Active,30-40,N,0
1180,33,0,3095,21,475,7,2,A,Active,30-40,N,0
1181,30,0,0,0,0,0,0,A,Active,Over 40,Y,1
1182,15,0,2000,26,27,15,5,A,Active,Under 30,N,0
1183,33,0,1908,44,0,26,0,A,Active,Under 30,N,0
1184,31,0,2625,32,0,12,1,A,Inactive,Under 30,Y,1
1185,30,0,3805,55,0,9,0,A,Active,Under 30,N,0
1186,37,2,453,10,36,6,0,A,Active,Over 40,N,0
1187,40,3,14678,185,28,61,16,A,Active,30-40,N,0
1188,28,0,6785,91,6,21,1,A,Active,Over 40,N,0
1189,40,4,15445,231,61,34,30,B,Active,30-40,N,0
1190,13,3,4755,49,227,14,10,A,Active,30-40,N,0
1191,38,1,3775,82,32,28,11,A,Active,30-40,N,0
1192,27,0,1758,39,7,66,9,A,Active,Over 40,N,0
1193,36,0,438,6,0,1,0,A,Inactive,Over 40,N,1
1194,34,0,428,6,14,15,0,A,Inactive,30-40,N,1
1195,32,0,7023,113,366,36,0,A,Active,Under 30,N,0
1196,39,0,305,6,7,2,5,A,Inactive,Under 30,N,1
1197,37,3,7150,106,26,26,11,A,Active,Over 40,N,0
1198,13,3,1853,28,12,11,11,A,Active,30-40,Y,1
1199,17,1,6148,138,83,42,14,B,Active,Under 30,Y,0
1200,33,0,1488,17,0,1,0,A,Active,30-40,N,0
1201,36,3,7800,114,29,24,14,A,Active,Over 40,N,0
1202,42,2,6985,100,204,33,10,A,Active,30-40,N,0
1203,37,0,13583,169,25,46,2,A,Active,30-40,N,0
1204,38,0,1443,21,3,8,0,A,Active,30-40,N,0
1205,33,1,11510,150,7,43,7,A,Active,Over 40,N,0
1206,46,2,4763,82,23,43,20,A,Active,Under 30,N,0
1207,36,2,4070,86,46,41,10,A,Active,30-40,N,0
1208,29,0,8550,105,122,35,3,A,Active,30-40,N,0
1209,26,0,585,19,0,3,11,A,Inactive,Under 30,N,0
1210,36,1,2545,18,7,6,5,A,Active,30-40,N,0
1211,39,2,4485,93,40,28,17,A,Active,30-40,N,0
1212,34,0,0,0,0,0,0,A,Inactive,30-40,Y,1
1213,39,0,73,2,5,4,0,A,Active,Under 30,N,0
1214,42,3,3460,36,495,12,12,A,Active,Over 40,N,0
1215,33,0,955,47,16,17,23,A,Inactive,Under 30,Y,1
1216,40,1,4675,77,12,19,13,A,Active,30-40,N,0
1217,38,0,2763,51,50,36,16,A,Inactive,Over 40,Y,1
1218,32,0,0,0,0,0,0,A,Active,Over 40,N,0
1219,40,2,4575,86,7,27,10,A,Active,30-40,N,0
1220,36,1,5573,95,24,24,11,A,Active,Under 30,Y,1
1221,38,0,3423,78,7,15,5,A,Active,30-40,N,0
1222,38,0,2148,55,0,33,1,A,Active,Under 30,N,0
1223,38,0,2573,50,41,33,14,A,Inactive,Over 40,Y,1
1224,39,1,518,12,15,7,2,A,Active,Over 40,N,0
1225,38,1,3340,30,485,8,6,A,Active,30-40,N,0
1226,43,2,3095,33,491,9,6,A,Active,Over 40,N,0
1227,33,0,1875,25,267,11,0,A,Active,30-40,N,0
1228,39,2,6995,93,202,31,10,A,Active,30-40,N,0
1229,33,2,3790,77,30,31,12,A,Active,Over 40,N,0
1230,32,0,6233,61,90,30,1,A,Active,Under 30,N,0
1231,38,0,2238,54,8,17,9,A,Inactive,30-40,Y,0
1232,32,0,305,6,7,2,5,A,Inactive,Over 40,N,1
1233,39,1,2568,65,357,23,13,A,Active,30-40,N,0
1234,7,1,4615,44,212,8,6,A,Active,30-40,N,0
1235,5,0,4025,31,203,6,0,A,Active,30-40,N,0
1236,22,2,2060,35,40,18,10,A,Active,30-40,N,0
1237,38,1,14018,172,7,44,9,A,Active,30-40,N,0
1238,20,0,395,13,0,4,4,A,Inactive,Under 30,N,0
1239,15,0,8688,168,71,40,10,A,Active,Over 40,N,0
1240,28,0,940,15,19,2,3,A,Inactive,Over 40,N,0
1241,43,0,2723,68,26,24,16,A,Inactive,30-40,Y,0
1242,40,0,15665,190,161,35,11,A,Active,Under 30,N,0
1243,38,0,15080,177,132,32,8,A,Active,Under 30,N,0
1244,28,0,2920,61,9,22,0,A,Active,30-40,N,0
1245,30,0,6413,63,93,34,1,A,Active,Under 30,N,0
1246,41,0,618,16,18,9,7,A,Inactive,30-40,Y,1
1247,38,0,1065,14,7,9,5,A,Inactive,Under 30,N,0
1248,41,5,16155,242,69,34,36,B,Active,30-40,N,0
1249,38,0,13173,159,0,29,3,A,Active,30-40,N,0
1250,39,1,7813,133,391,45,8,A,Active,30-40,N,0
1251,21,1,6348,145,93,46,16,B,Active,Under 30,N,0
1252,23,1,2180,40,46,21,9,A,Active,30-40,N,0
1253,40,1,6680,94,197,31,5,A,Active,30-40,N,0
1254,10,0,1130,10,6,6,0,A,Active,Under 30,N,0
1255,34,0,7328,119,373,38,1,A,Active,Under 30,N,0
1256,35,1,743,9,5,1,1,A,Active,Over 40,N,0
1257,20,0,1470,22,31,16,0,A,Active,Under 30,N,0
1258,32,1,5863,94,18,20,13,A,Active,Under 30,N,1
1259,8,1,1892,24,1,5,4,A,Active,30-40,N,1
1260,36,1,5818,98,26,24,13,A,Active,Under 30,Y,1
1261,9,0,5828,125,63,34,6,B,Active,Under 30,N,0
1262,38,9,10550,98,0,41,24,A,Active,Over 40,N,0
1263,32,1,3065,26,7,12,5,A,Active,30-40,N,0
1264,38,2,453,9,2,1,3,A,Active,Over 40,N,0
1265,37,0,3485,48,25,21,16,A,Inactive,30-40,Y,1
1266,34,2,6113,102,40,37,12,A,Active,Under 30,N,0
1267,10,2,2593,35,16,13,3,A,Active,30-40,N,0
1268,27,0,1163,34,12,70,3,A,Active,Over 40,N,0
1269,38,0,2170,38,276,15,2,A,Active,30-40,N,0
1270,37,0,2123,48,0,13,9,A,Inactive,30-40,N,0
1271,36,2,14835,219,47,30,20,A,Active,30-40,N,0
1272,39,2,3890,88,64,32,11,A,Active,30-40,N,0
1273,18,2,2295,36,49,29,6,A,Active,Under 30,N,0
1274,40,1,4313,71,0,34,13,A,Active,Under 30,N,0
1275,26,0,825,23,7,4,14,A,Inactive,30-40,N,0
1276,11,2,4885,47,231,15,9,A,Active,30-40,N,0
1277,15,0,8742,170,64,37,10,A,Active,Over 40,N,0
1278,46,2,14338,185,22,52,17,A,Active,30-40,N,0
1279,38,0,5918,95,7,12,6,A,Active,30-40,N,0
1280,10,0,6087,129,70,39,9,B,Active,Under 30,N,0
1281,35,0,11405,151,6,45,4,A,Active,30-40,N,0
1282,34,0,10450,137,0,45,0,A,Active,30-40,N,0
1283,36,1,6008,99,35,27,15,A,Active,Under 30,N,1
1284,35,0,6195,80,179,24,0,A,Active,30-40,N,0
1285,34,0,5703,58,76,35,0,A,Active,Under 30,N,0
1286,42,0,2348,62,10,37,3,A,Active,Under 30,N,0
1287,36,0,13278,162,0,39,0,A,Active,30-40,N,0
1288,38,0,305,6,7,2,5,A,Active,Over 40,N,0
1289,14,0,1330,17,16,10,0,A,Active,Under 30,N,0
1290,39,0,1363,25,1,5,0,A,Active,Over 40,N,0
1291,36,8,10245,92,0,39,19,B,Active,Over 40,N,0
1292,26,0,650,35,1,14,16,A,Inactive,Under 30,N,1
1293,32,0,2100,29,270,12,0,A,Active,30-40,N,0
1294,34,0,323,1,2,2,0,A,Inactive,Over 40,Y,1
1295,3,0,4005,32,198,4,0,A,Active,30-40,N,0
1296,39,8,10130,93,2,41,18,A,Active,Over 40,N,0
1297,29,0,6705,95,4,18,2,A,Active,Over 40,N,0
1298,41,1,2780,59,183,24,8,A,Active,Under 30,N,0
1299,37,0,3895,57,37,33,18,A,Inactive,30-40,Y,1
1300,39,0,1848,33,11,11,3,A,Active,30-40,N,0
1301,36,0,1068,15,0,3,0,A,Active,30-40,N,0
1302,38,0,955,17,15,8,5,A,Inactive,30-40,N,0
1303,36,0,7393,121,352,39,3,A,Active,Under 30,N,0
1304,35,0,2435,17,0,16,0,A,Active,30-40,N,0
1305,38,1,3085,59,182,25,11,A,Active,Under 30,N,0
1306,36,1,13998,173,7,42,11,A,Active,30-40,N,0
1307,19,2,6453,144,90,44,19,B,Active,Under 30,N,0
1308,37,1,3490,64,183,23,12,A,Active,Under 30,N,0
1309,18,4,3158,51,38,21,13,B,Active,30-40,N,0
1310,34,7,10375,90,0,40,18,A,Active,Over 40,N,0
1311,12,0,6392,135,77,41,14,B,Active,Under 30,N,0
1312,34,0,0,0,2,0,0,A,Inactive,30-40,N,1
1313,33,0,960,35,25,13,16,A,Inactive,30-40,N,0
1314,33,3,6775,116,296,35,1,B,Active,Under 30,N,0
1315,29,2,6480,102,253,26,0,B,Active,Under 30,N,0
1316,31,0,2268,38,26,30,7,A,Inactive,30-40,Y,1
1317,37,9,10550,99,33,46,21,A,Active,Over 40,N,0
1318,40,1,4865,78,21,22,15,A,Active,30-40,N,0
1319,36,0,14775,171,125,30,3,A,Active,Under 30,N,0
1320,44,2,2233,41,22,14,11,A,Active,Over 40,N,0
1321,44,0,803,19,25,11,7,A,Inactive,30-40,N,0
1322,33,0,355,37,0,2,19,A,Inactive,Under 30,N,1
1323,41,2,4618,78,40,41,15,A,Active,Under 30,N,0
1324,28,0,890,25,7,5,16,A,Inactive,Under 30,N,0
1325,28,0,305,6,7,2,5,A,Inactive,Over 40,N,0
1326,35,0,5703,92,0,20,13,A,Active,Under 30,Y,1
1327,36,1,6965,105,25,27,5,A,Active,Over 40,N,0
1328,33,2,9160,117,136,39,13,A,Active,30-40,N,0
1329,18,4,2913,48,36,21,11,A,Active,30-40,N,0
1330,39,0,2583,58,7,31,8,A,Active,Under 30,N,0
1331,36,0,2338,54,327,20,10,A,Active,Under 30,N,0
1332,39,0,808,15,20,9,2,A,Inactive,Over 40,N,1
1333,32,0,2008,50,0,27,0,A,Active,Under 30,N,0
1334,42,2,3165,61,192,29,12,A,Active,Under 30,N,0
1335,20,4,2933,47,41,23,9,A,Active,30-40,N,0
1336,31,0,655,29,18,11,11,A,Inactive,Under 30,N,0
1337,41,0,6098,103,18,17,8,A,Active,30-40,N,0
1338,37,0,5693,100,30,27,10,A,Active,Under 30,N,1
1339,35,0,305,6,7,2,5,A,Inactive,Under 30,N,1
1340,32,0,2535,16,0,12,0,A,Active,30-40,N,0
1341,40,0,3673,86,10,32,2,A,Active,Under 30,N,0
1342,17,0,5793,131,64,27,12,B,Active,Under 30,N,0
1343,34,0,4435,81,0,21,6,A,Active,30-40,N,0
1344,39,3,7170,105,31,28,9,A,Active,Over 40,N,0
1345,34,0,2280,37,275,14,3,A,Active,30-40,N,0
1346,30,1,1495,44,204,16,6,B,Active,Under 30,Y,1
1347,38,2,643,10,11,4,5,A,Active,Over 40,N,0
1348,46,2,2958,74,24,41,13,A,Active,Under 30,N,0
1349,39,3,9420,127,151,45,18,A,Active,30-40,N,0
1350,45,3,7065,102,208,34,13,A,Active,Over 40,N,0
1351,31,3,7270,116,270,34,9,B,Active,Under 30,N,0
1352,36,0,3893,60,0,33,5,A,Active,Under 30,N,0
1353,37,0,2278,52,0,29,3,A,Active,Under 30,N,0
1354,39,0,1180,20,7,13,5,A,Inactive,Under 30,N,0
1355,12,1,2488,36,19,15,0,A,Active,30-40,N,0
1356,36,0,133,2,0,2,0,A,Inactive,30-40,N,1
1357,37,1,6473,72,106,37,6,A,Active,Under 30,N,0
1358,40,0,3143,70,36,34,18,A,Inactive,30-40,N,0
1359,35,1,3400,27,482,9,7,A,Active,30-40,N,0
1360,34,0,323,1,2,2,0,A,Inactive,Over 40,N,1
1361,38,1,11060,149,0,49,6,A,Active,Over 40,N,0
1362,39,1,4313,72,33,39,10,A,Active,Under 30,N,0
1363,37,1,11465,154,11,47,7,A,Active,Over 40,N,0
1364,29,0,3180,65,16,27,2,A,Active,30-40,N,0
1365,39,1,2758,66,366,26,15,A,Active,30-40,N,0
1366,40,2,3145,62,187,27,14,A,Active,Under 30,N,0
1367,39,0,305,9,0,10,1,A,Inactive,30-40,N,0
1368,42,1,3730,86,40,32,11,A,Active,30-40,N,0
1369,42,1,2453,66,367,25,12,A,Active,30-40,N,0
1370,37,0,2453,60,359,24,10,A,Active,30-40,N,0
1371,35,0,3590,51,30,31,13,A,Inactive,30-40,Y,1
1372,15,0,6087,135,78,40,11,B,Active,Under 30,N,0
1373,36,0,1423,22,0,6,0,A,Active,30-40,N,0
1374,39,1,13888,175,32,48,7,A,Active,30-40,N,0
1375,31,3,16265,239,9,83,27,A,Active,Under 30,N,0
1376,38,0,4198,66,1,35,10,A,Active,Under 30,N,0
1377,37,0,1120,17,7,11,5,A,Inactive,Under 30,N,0
1378,36,0,2088,52,0,31,0,A,Active,Under 30,N,0
1379,39,0,2960,61,186,28,8,A,Active,Under 30,N,0
1380,39,0,4073,68,5,38,7,A,Active,Under 30,N,0
1381,26,1,1935,43,27,13,16,A,Active,Under 30,N,0
1382,38,0,1533,23,37,21,9,A,Inactive,Over 40,N,1
1383,35,5,16440,247,12,84,33,B,Active,Under 30,N,0
1384,37,1,11710,157,13,47,9,A,Active,Over 40,N,0
1385,30,0,2008,34,19,25,4,A,Inactive,30-40,Y,1
1386,11,1,4165,36,218,12,0,A,Active,30-40,N,0
1387,38,2,3205,31,12,18,9,A,Active,30-40,N,0
1388,35,1,3595,74,21,23,9,A,Active,30-40,N,0
1389,39,0,900,14,7,6,7,A,Inactive,Under 30,N,0
1390,27,1,1530,38,26,15,15,A,Active,Under 30,N,0
1391,21,1,9193,181,88,46,17,A,Active,Over 40,N,0
1392,24,0,1005,25,9,8,14,A,Inactive,Under 30,N,0
1393,40,1,6195,86,187,25,0,A,Active,30-40,N,0
1394,20,1,2000,32,35,16,7,A,Active,30-40,N,0
1395,40,0,5693,91,10,14,2,A,Active,Under 30,N,0
1396,36,0,10755,143,0,47,1,A,Active,30-40,N,0
1397,40,1,4503,72,8,37,15,A,Active,Under 30,N,0
1398,19,2,6697,147,92,44,21,B,Active,Under 30,N,0
1399,26,0,3100,63,12,26,0,A,Active,30-40,N,0
1400,33,0,2930,38,4,14,6,A,Inactive,Under 30,N,1
1401,38,0,933,13,16,6,5,A,Inactive,Over 40,Y,1
1402,37,0,2970,53,150,21,11,A,Active,Under 30,N,0
1403,29,1,6830,93,7,18,5,A,Active,Over 40,N,0
1404,23,0,950,27,181,7,0,B,Active,Under 30,N,0
1405,18,2,2558,41,17,6,9,A,Active,30-40,N,0
1406,29,0,1263,39,31,67,1,A,Active,Over 40,N,0
1407,34,7,10130,87,0,40,16,A,Active,Over 40,N,0
1408,39,0,0,0,0,0,0,A,Inactive,Under 30,N,0
1409,29,0,1363,13,0,3,0,A,Active,30-40,N,0
1410,35,2,6840,118,275,36,3,B,Active,Under 30,N,0
1411,37,1,4920,88,3,23,8,A,Active,30-40,N,0
1412,36,1,4595,75,7,15,12,A,Active,30-40,N,0
1413,33,0,2685,35,2,14,4,A,Inactive,Under 30,N,1
1414,37,4,15265,223,50,29,28,B,Active,30-40,N,0
1415,23,0,1235,34,183,7,3,B,Active,Under 30,N,0
1416,37,1,2698,63,361,24,12,A,Active,30-40,N,0
1417,33,0,5433,81,0,5,0,A,Active,Under 30,N,0
1418,35,0,6603,111,356,26,0,A,Active,Under 30,N,0
1419,31,1,7010,101,11,20,7,A,Active,Over 40,N,0
1420,46,3,3660,43,505,16,14,A,Active,Over 40,N,0
1421,38,0,2328,62,363,27,7,A,Active,Under 30,N,0
1422,20,3,2600,42,56,31,11,A,Active,30-40,N,0
1423,39,1,935,17,5,13,3,A,Active,Under 30,N,0
1424,37,2,14430,214,29,32,19,A,Active,30-40,N,0
1425,29,2,1375,39,198,13,7,B,Active,30-40,N,0
1426,21,0,1390,26,29,13,0,A,Active,Under 30,N,0
1427,30,0,0,0,0,0,0,A,Inactive,30-40,N,1
1428,43,0,438,14,15,5,7,A,Inactive,30-40,N,1
1429,36,8,10190,90,0,42,19,A,Active,Over 40,N,0
1430,35,3,15445,225,53,33,28,A,Active,30-40,N,0
1431,35,1,15780,186,164,43,8,A,Active,Under 30,N,0
1432,37,0,213,6,8,5,0,A,Active,Over 40,N,0
1433,37,0,6323,100,8,10,7,A,Active,Under 30,N,0
1434,27,0,2930,57,7,10,5,A,Active,30-40,N,0
1435,37,0,2765,44,286,16,5,A,Active,30-40,N,0
1436,35,2,9340,125,141,41,17,A,Active,30-40,N,0
1437,40,0,2735,57,183,27,6,A,Active,Under 30,N,0
1438,37,2,3260,34,39,20,6,A,Active,Over 40,N,0
1439,39,1,2475,45,317,22,4,A,Active,Over 40,N,0
1440,38,1,16195,193,158,30,15,A,Active,Under 30,N,0
1441,14,0,1948,29,3,2,0,A,Active,30-40,N,0
1442,29,0,1180,36,27,17,10,A,Active,Under 30,N,0
1443,39,0,1215,57,31,23,28,A,Inactive,30-40,Y,1
1444,25,0,1903,20,165,8,0,B,Active,Under 30,N,0
1445,18,6,3758,61,59,36,17,B,Active,30-40,N,0
1446,38,0,3170,49,20,21,11,A,Inactive,30-40,Y,1
1447,36,1,0,0,0,0,0,A,Active,Over 40,N,0
1448,34,7,10130,87,0,40,16,A,Active,Over 40,N,0
1449,40,2,4270,89,48,33,18,A,Active,30-40,N,0
1450,38,2,5933,103,24,23,16,A,Active,Under 30,N,0
1451,20,0,0,0,4,0,0,A,Inactive,Over 40,N,0
1452,32,0,1968,46,341,17,3,A,Active,Under 30,N,0
1453,31,0,3145,22,0,15,4,A,Active,30-40,N,0
1454,35,1,3550,33,8,14,7,A,Active,30-40,N,0
1455,41,1,2533,62,369,28,11,A,Active,30-40,N,0
1456,40,0,2353,59,6,16,12,A,Inactive,30-40,Y,0
1457,38,0,2048,53,0,14,7,A,Inactive,30-40,N,0
1458,41,0,2268,50,42,32,11,A,Inactive,Over 40,Y,1
1459,33,2,15780,234,7,67,26,A,Active,Under 30,N,0
1460,38,2,643,10,11,4,5,A,Active,Over 40,N,0
1461,37,0,818,7,7,2,5,A,Inactive,Over 40,N,1
1462,25,0,980,29,17,13,8,A,Active,Under 30,N,0
1463,36,0,1228,17,30,19,4,A,Inactive,Over 40,N,1
1464,9,1,4390,40,215,10,2,A,Active,30-40,N,0
1465,34,0,455,2,0,5,0,A,Inactive,Under 30,N,0
1466,39,1,15545,185,155,32,12,A,Active,Under 30,N,0
1467,34,0,0,0,0,0,0,A,Active,30-40,N,0
1468,32,2,3530,73,23,26,9,A,Active,Over 40,N,0
1469,27,1,1530,38,26,15,15,A,Active,Under 30,N,0
1470,34,0,0,0,0,0,0,A,Active,Over 40,N,0
1471,30,0,3333,74,0,22,0,A,Active,Under 30,N,0
1472,44,2,3355,37,498,14,9,A,Active,30-40,N,0
1473,39,2,15015,227,58,35,22,A,Active,30-40,N,0
1474,36,3,3745,38,28,31,10,A,Active,30-40,N,0
1475,32,0,3638,80,0,24,1,A,Active,Under 30,N,0
1476,43,2,1973,37,15,9,8,A,Active,Over 40,N,0
1477,35,0,2148,54,352,22,5,A,Active,Under 30,N,0
1478,34,1,3820,78,24,24,11,A,Active,30-40,N,0
1479,11,2,1792,25,7,9,8,A,Active,30-40,Y,1
1480,37,0,1115,19,14,6,3,A,Inactive,Under 30,N,0
1481,31,0,15225,172,135,24,4,A,Active,Under 30,N,0
1482,37,1,6908,76,117,40,10,A,Active,Under 30,N,0
1483,34,0,1665,58,24,17,29,A,Inactive,30-40,Y,1
1484,38,2,4798,76,22,50,14,A,Active,Under 30,N,0
1485,30,0,3458,72,0,22,0,A,Active,Under 30,N,0
1486,42,2,1075,23,25,12,10,A,Active,30-40,N,0
1487,39,2,7023,81,115,39,13,A,Active,Under 30,N,0
1488,31,0,0,0,0,0,0,A,Inactive,30-40,N,1
1489,38,4,1243,20,32,19,9,A,Active,Over 40,N,0
1490,31,7,9950,79,0,35,14,A,Active,Over 40,N,0
1491,39,0,1048,19,48,10,5,A,Inactive,Over 40,N,1
1492,35,0,815,11,0,9,0,A,Inactive,Under 30,N,0
1493,36,0,15370,176,118,26,9,A,Active,Under 30,N,0
1494,39,1,11240,150,14,49,3,A,Active,30-40,N,0
1495,42,3,4880,92,14,29,15,A,Active,Over 40,N,0
1496,23,0,0,0,0,0,0,A,Inactive,Over 40,N,0
1497,31,3,15830,235,0,80,23,A,Active,Under 30,N,0
1498,29,4,2220,52,221,28,13,B,Active,30-40,N,0
1499,40,0,583,11,17,8,0,A,Inactive,Over 40,Y,1
1500,34,3,1620,48,208,14,11,B,Active,30-40,N,0
1501,33,0,11385,152,1,43,6,A,Active,30-40,N,0
1502,36,0,2375,55,46,20,9,A,Inactive,30-40,N,0
1503,38,0,2360,39,285,18,4,A,Active,30-40,N,0
1504,35,0,305,6,7,2,5,A,Inactive,30-40,Y,1
1505,42,0,13,5,8,3,0,A,Inactive,30-40,N,0
1506,39,0,1833,49,0,19,8,A,Inactive,30-40,N,0
1507,39,0,4388,66,7,33,15,A,Active,Under 30,N,0
1508,43,0,710,20,21,9,4,A,Inactive,30-40,N,0
1509,35,0,0,0,0,0,0,A,Inactive,Under 30,N,1
1510,40,2,3468,77,374,26,21,A,Active,30-40,N,0
1511,32,0,3938,56,0,29,5,A,Active,Under 30,N,0
1512,35,0,0,0,0,0,0,A,Inactive,Under 30,N,1
1513,37,0,2798,63,3,31,4,A,Active,Under 30,N,0
1514,35,0,1665,44,38,20,3,A,Inactive,30-40,N,0
1515,34,0,1553,20,2,7,0,A,Active,30-40,N,0
1516,36,0,5613,89,0,10,1,A,Active,Under 30,N,0
1517,41,2,14788,186,15,46,18,A,Active,30-40,N,0
1518,42,0,393,12,15,8,5,A,Inactive,30-40,N,1
1519,34,2,6900,103,46,26,3,A,Active,Over 40,N,0
1520,30,0,5353,79,0,4,0,A,Active,Under 30,N,0
1521,35,1,305,6,7,2,5,A,Active,Over 40,N,0
1522,19,1,6168,137,88,44,12,B,Active,Under 30,N,0
1523,41,0,2408,64,367,28,10,A,Active,30-40,N,0
1524,27,1,3340,66,6,22,5,A,Active,30-40,N,0
1525,37,0,1528,43,0,17,3,A,Inactive,30-40,N,0
1526,28,0,1130,16,28,5,5,A,Inactive,Over 40,N,0
1527,34,0,3030,23,9,17,3,A,Active,30-40,N,0
1528,7,0,1182,13,0,5,0,A,Active,Under 30,N,1
1529,38,0,900,15,22,11,4,A,Inactive,30-40,N,0
1530,35,0,538,7,1,1,1,A,Inactive,30-40,N,1
1531,30,0,1828,42,0,25,0,A,Active,Under 30,N,0
1532,33,1,6540,94,12,22,1,A,Active,Over 40,N,0
1533,37,0,7318,126,375,40,1,A,Active,Under 30,N,0
1534,32,1,9115,115,136,42,11,A,Active,30-40,N,0
1535,25,0,710,4,0,1,0,A,Inactive,Over 40,N,0
1536,27,1,1070,33,191,11,2,B,Active,Under 30,Y,0
1537,42,2,11465,160,19,48,9,A,Active,Over 40,N,0
1538,19,4,7298,157,113,59,25,B,Active,Under 30,N,0
1539,31,2,3610,69,25,29,8,A,Active,30-40,N,0
1540,36,2,6625,84,182,23,6,A,Active,30-40,N,0
1541,27,1,1530,38,26,15,15,A,Active,Under 30,N,0
1542,35,0,2698,58,1,34,6,A,Active,Under 30,N,0
1543,33,0,955,47,16,17,23,A,Inactive,Under 30,N,1
1544,40,1,4675,77,12,19,13,A,Active,30-40,N,0
1545,40,0,3480,78,18,15,12,A,Active,30-40,N,0
1546,13,3,2673,37,20,14,6,A,Active,30-40,N,0
1547,23,0,335,16,0,3,3,A,Inactive,Under 30,N,0
1548,36,4,15435,229,68,45,24,B,Active,30-40,N,0
1549,36,0,2780,53,175,23,6,A,Active,Under 30,N,0
1550,17,1,9237,177,80,42,17,A,Active,Over 40,N,0
1551,30,0,1883,36,17,25,3,A,Inactive,30-40,N,1
1552,41,0,890,22,24,13,4,A,Inactive,30-40,N,0
1553,44,2,4583,74,18,41,16,A,Active,Under 30,N,0
1554,42,0,485,14,18,7,7,A,Inactive,Under 30,N,1
1555,35,1,2915,19,472,3,2,A,Active,30-40,N,0
1556,18,2,9947,188,88,42,23,A,Active,Over 40,N,0
1557,10,2,2197,30,8,7,9,A,Active,30-40,N,1
1558,20,0,2740,47,0,16,0,A,Active,30-40,N,0
1559,40,0,2223,48,42,35,9,A,Inactive,30-40,N,1
1560,34,3,15770,238,1,79,22,A,Active,Under 30,N,0
1561,39,2,6805,92,193,28,8,A,Active,30-40,N,0
1562,25,0,395,19,3,5,6,A,Inactive,Under 30,N,0
1563,13,0,8627,165,66,38,7,A,Active,Over 40,N,0
1564,20,0,1225,26,11,12,8,A,Active,Under 30,N,0
1565,35,0,2393,57,354,22,7,A,Active,Under 30,N,0
1566,13,1,9158,175,70,38,16,A,Active,Over 40,N,0
1567,28,1,1628,42,35,70,7,A,Active,Over 40,N,0
1568,46,0,2803,70,30,25,19,A,Inactive,Over 40,N,0
1569,37,0,595,8,0,4,2,A,Inactive,Under 30,N,0
1570,24,1,1135,28,182,6,2,B,Active,Under 30,N,0
1571,21,0,3145,59,0,19,1,A,Active,30-40,N,0
1572,34,1,305,6,7,2,5,A,Active,Over 40,N,0
1573,40,2,9295,129,155,48,15,A,Active,30-40,N,0
1574,32,0,1975,24,0,14,0,A,Inactive,Under 30,N,1
1575,32,0,1185,39,28,14,18,A,Inactive,30-40,N,0
1576,39,1,15600,187,148,29,12,A,Active,Under 30,N,0
1577,42,2,11950,168,29,54,14,A,Active,Over 40,N,0
1578,28,0,955,41,8,16,21,A,Inactive,Under 30,Y,1
1579,37,2,9115,121,144,43,13,A,Active,30-40,N,0
1580,3,0,4130,30,200,4,0,A,Active,30-40,N,0
1581,32,0,2710,19,466,2,0,A,Active,30-40,N,0
1582,37,1,2518,56,7,30,6,A,Active,Under 30,N,0
1583,24,0,765,7,16,1,0,A,Inactive,Over 40,Y,1
1584,27,0,890,26,19,10,13,A,Inactive,Under 30,N,0
1585,27,1,1683,45,62,72,4,A,Active,Over 40,N,0
1586,44,2,7813,139,399,46,10,A,Active,30-40,N,0
1587,35,1,11690,158,8,45,11,A,Active,Over 40,N,0
1588,35,1,14125,208,22,30,14,A,Active,Under 30,N,0
1589,8,0,8627,159,58,37,5,A,Active,Over 40,N,0
1590,41,3,4195,94,71,34,16,A,Active,30-40,N,0
1591,36,1,2688,62,16,46,2,A,Active,Under 30,N,0
1592,7,0,0,0,0,0,0,A,Active,Under 30,N,1
1593,39,0,1620,48,46,24,3,A,Inactive,30-40,N,0
1594,29,0,1005,31,17,9,16,A,Inactive,30-40,N,0
1595,40,3,7138,87,147,43,13,A,Active,30-40,N,0
1596,35,2,6900,102,12,21,6,A,Active,Over 40,N,0
1597,35,0,2673,49,35,29,10,A,Inactive,30-40,Y,1
1598,37,0,7698,128,393,46,5,A,Active,Under 30,N,0
1599,7,0,4085,34,208,8,0,A,Active,30-40,N,0
1600,38,2,4970,81,26,32,12,A,Active,30-40,N,0
1601,14,0,5973,129,46,36,11,B,Active,Under 30,N,0
1602,27,0,700,12,25,6,0,A,Inactive,Over 40,N,0
1603,35,0,660,43,7,4,24,A,Inactive,30-40,N,1
1604,38,0,2393,58,2,33,3,A,Active,Under 30,N,0
1605,7,0,1428,16,0,5,0,A,Active,30-40,N,1
1606,32,0,2535,16,0,12,0,A,Active,30-40,N,0
1607,28,0,2580,12,0,8,0,A,Active,30-40,N,0
1608,30,0,0,0,0,0,0,A,Inactive,Under 30,N,1
1609,45,2,4675,83,20,20,15,A,Active,30-40,N,0
1610,33,0,3215,45,7,14,13,A,Inactive,30-40,Y,1
1611,39,0,305,6,7,2,5,A,Inactive,Under 30,N,1
1612,29,0,6153,59,86,29,0,A,Active,Under 30,N,0
1613,26,1,6400,100,249,25,0,B,Active,Under 30,N,0
1614,37,3,7145,124,282,38,8,B,Active,Under 30,N,0
1615,41,1,2790,27,484,7,1,A,Active,30-40,N,0
1616,16,0,6278,135,53,38,16,B,Active,Under 30,N,0
1617,33,0,2573,44,33,32,12,A,Inactive,30-40,N,1
1618,33,1,6975,98,23,25,5,A,Active,Over 40,N,0
1619,43,3,6123,110,41,27,20,A,Active,30-40,N,0
1620,40,0,2013,50,11,19,5,A,Inactive,30-40,N,0
1621,35,0,3355,54,0,15,0,A,Active,Under 30,N,0
1622,22,0,805,20,0,7,5,A,Active,Under 30,N,0
1623,41,2,6798,77,118,41,9,A,Active,Under 30,N,0
1624,42,0,2193,58,16,21,9,A,Inactive,30-40,Y,0
1625,30,0,0,0,0,0,0,A,Inactive,Under 30,N,1
1626,38,1,1728,28,5,8,4,A,Active,Over 40,N,0
1627,35,0,305,6,7,2,5,A,Inactive,Over 40,N,1
1628,31,0,7123,119,367,37,0,A,Active,Under 30,N,0
1629,35,0,1958,53,343,19,3,A,Active,Under 30,N,0
1630,37,1,4325,83,27,27,2,A,Active,30-40,N,0
1631,28,1,910,31,175,13,3,B,Active,Under 30,N,0
1632,34,0,2563,48,48,44,8,A,Inactive,30-40,Y,1
1633,33,2,6850,110,239,29,6,B,Active,Under 30,N,0
1634,31,1,1568,45,38,69,6,A,Active,Over 40,N,0
1635,34,0,6080,74,147,20,0,A,Active,30-40,N,0
1636,36,1,6310,86,211,28,0,A,Active,30-40,N,0
1637,5,0,4310,38,205,6,1,A,Active,30-40,N,0
1638,31,0,6480,91,7,20,0,A,Active,Over 40,N,0
1639,36,0,4065,65,0,15,3,A,Active,Under 30,N,0
1640,35,3,7155,116,246,31,11,B,Active,Under 30,N,0
1641,35,1,9055,118,139,41,10,A,Active,30-40,N,0
1642,34,1,6380,92,0,24,2,A,Active,Over 40,N,0
1643,36,2,11590,152,7,44,10,A,Active,Over 40,N,0
1644,31,1,1485,42,34,19,15,A,Active,Under 30,N,0
1645,39,0,2353,60,40,21,9,A,Inactive,30-40,Y,0
1646,33,0,765,46,7,14,21,A,Inactive,Under 30,N,1
1647,32,0,15485,176,142,29,7,A,Active,Under 30,N,0
1648,44,3,3480,35,500,14,10,A,Active,Over 40,N,0
1649,33,3,7385,107,35,37,7,A,Active,Over 40,N,0
1650,36,0,2790,21,476,6,0,A,Active,30-40,N,0
1651,38,0,4560,72,14,20,10,A,Active,30-40,N,0
1652,37,0,2695,37,7,3,10,A,Inactive,30-40,N,1
1653,31,0,15100,174,133,24,3,A,Active,Under 30,N,0
1654,35,0,0,0,0,0,0,A,Inactive,Under 30,N,1
1655,43,2,4260,96,50,35,18,A,Active,30-40,N,0
1656,33,0,653,8,0,4,0,A,Active,30-40,N,0
1657,30,0,775,39,5,12,21,A,Inactive,Under 30,Y,1
1658,29,0,0,0,0,0,0,A,Inactive,30-40,N,1
1659,22,2,6392,147,93,43,18,B,Active,Under 30,N,0
1660,37,2,3855,39,15,16,12,A,Active,30-40,N,0
1661,39,0,1643,24,24,6,11,A,Inactive,Over 40,N,1
1662,39,1,2948,67,375,29,17,A,Active,30-40,N,0
1663,45,0,2543,66,23,20,16,A,Inactive,Over 40,N,0
1664,34,3,6775,115,262,30,4,B,Active,Under 30,N,0
1665,36,1,3145,28,7,16,6,A,Active,30-40,N,0
1666,25,0,6220,81,0,14,0,A,Active,Over 40,N,0
1667,32,0,1903,35,22,27,1,A,Inactive,30-40,N,1
1668,35,0,6385,81,188,27,0,A,Active,30-40,N,0
1669,29,0,2730,31,0,10,4,A,Inactive,Under 30,N,1
1670,34,0,0,0,0,0,0,A,Inactive,Under 30,N,1
1671,37,0,15295,181,141,27,7,A,Active,Under 30,N,0
1672,16,3,1792,31,15,10,10,A,Active,30-40,N,1
1673,41,3,7350,113,36,30,13,A,Active,Over 40,N,0
1674,36,2,9520,126,145,41,14,A,Active,30-40,N,0
1675,33,2,14655,211,36,25,18,A,Active,30-40,N,0
1676,14,4,3148,49,45,32,7,A,Active,30-40,N,0
1677,44,0,2623,62,25,23,15,A,Inactive,30-40,Y,0
1678,28,1,1873,45,37,70,9,A,Active,Over 40,N,0
1679,37,0,0,0,0,0,0,A,Inactive,30-40,N,1
1680,34,7,9940,86,0,37,14,A,Active,Over 40,N,0
1681,36,1,338,4,4,2,0,A,Active,Over 40,N,0
1682,42,0,2318,56,18,21,10,A,Inactive,30-40,N,0
1683,34,0,0,0,0,0,0,A,Inactive,Under 30,N,1
1684,26,0,605,25,168,11,0,B,Active,Under 30,N,0
1685,36,0,5423,88,0,7,0,A,Active,Under 30,N,0
1686,44,3,4900,91,19,31,13,A,Active,30-40,N,0
1687,27,1,1340,37,17,12,13,A,Active,Under 30,N,0
1688,37,1,5413,93,8,26,12,A,Active,Under 30,N,1
1689,34,0,1363,19,0,4,0,A,Active,30-40,N,0
1690,44,2,2758,72,374,27,17,A,Active,30-40,N,0
1691,38,0,438,8,7,4,5,A,Inactive,30-40,N,1
1692,33,0,6353,66,96,33,0,A,Active,Under 30,N,0
1693,35,0,1665,44,38,20,3,A,Inactive,30-40,N,0
1694,35,1,6725,90,183,24,7,A,Active,30-40,N,0
1695,38,5,15740,235,75,47,29,A,Active,30-40,N,0
1696,43,2,11725,164,26,53,12,A,Active,Over 40,N,0
1697,38,0,5918,95,7,12,6,A,Active,30-40,N,0
1698,11,2,2368,31,13,12,1,A,Active,30-40,N,0
1699,36,0,3470,76,25,26,6,A,Active,Under 30,N,0
1700,37,0,630,11,0,11,0,A,Active,Under 30,N,0
1701,11,2,4695,46,222,12,7,A,Active,30-40,N,0
1702,43,4,9500,129,161,49,19,A,Active,30-40,N,0
1703,29,2,1988,51,69,74,9,A,Active,Over 40,N,0
1704,40,1,4258,69,6,37,13,A,Active,Under 30,N,0
1705,36,0,3715,79,27,26,8,A,Active,30-40,N,0
1706,26,0,0,0,0,0,0,A,Inactive,Under 30,N,0
1707,44,0,1180,26,15,14,7,A,Inactive,30-40,N,0
1708,45,2,3018,76,381,32,20,A,Active,30-40,N,0
1709,38,0,4370,71,5,17,8,A,Active,30-40,N,0
1710,39,2,6560,89,191,28,6,A,Active,30-40,N,0
1711,38,1,4023,88,9,30,7,A,Active,30-40,N,0
1712,32,0,263,1,0,1,0,A,Inactive,30-40,N,1
1713,37,0,3313,77,0,30,1,A,Active,30-40,N,0
1714,37,3,7100,96,207,41,7,A,Active,30-40,N,0
1715,29,0,1840,27,36,5,11,A,Inactive,Over 40,N,0
1716,24,0,0,0,0,0,0,A,Inactive,Over 40,N,0
1717,29,1,1020,32,179,2,5,B,Active,30-40,N,0
1718,31,0,5818,92,18,23,11,A,Active,Under 30,N,1
1719,39,3,9175,124,149,45,16,A,Active,30-40,N,0
1720,41,2,365,9,12,4,8,A,Active,30-40,N,1
1721,18,4,3157,51,38,21,13,A,Active,30-40,N,0
1722,41,1,3470,82,33,27,8,A,Active,30-40,N,0
1723,24,1,1955,36,43,20,7,A,Active,30-40,N,0
1724,34,1,6043,102,23,22,17,A,Active,Under 30,N,0
1725,28,0,295,20,0,9,10,A,Inactive,30-40,N,0
1726,17,1,9047,176,71,39,15,A,Active,Over 40,N,0
1727,37,0,613,9,21,17,0,A,Inactive,Under 30,N,0
1728,32,0,1485,36,27,15,1,A,Inactive,30-40,N,0
1729,10,0,8932,165,65,39,10,A,Active,Over 40,N,0
1730,32,0,0,0,0,0,0,A,Inactive,Over 40,N,1
1731,40,2,4820,89,9,27,12,A,Active,30-40,N,0
1732,41,3,4935,95,41,31,12,A,Active,Over 40,N,0
1733,39,1,15790,188,157,32,14,A,Active,Under 30,N,0
1734,17,0,1580,20,0,10,2,A,Active,Under 30,N,0
1735,37,2,1320,56,28,21,31,A,Active,30-40,Y,1
1736,16,0,0,0,0,0,0,A,Active,Under 30,N,0
1737,36,0,1280,19,1,9,1,A,Inactive,Under 30,N,0
1738,4,0,1003,5,0,4,0,A,Active,Under 30,N,1
1739,44,0,305,12,15,3,7,A,Inactive,30-40,N,1
1740,32,6,10070,84,0,38,13,A,Active,Over 40,N,0
1741,25,0,1378,39,55,70,0,A,Active,Over 40,N,0
1742,40,0,13478,165,7,31,8,A,Active,30-40,N,0
1743,20,1,1755,29,33,16,5,A,Active,Under 30,N,0
1744,37,1,6718,75,108,37,8,A,Active,Under 30,N,0
1745,34,1,3075,57,189,36,5,A,Active,Under 30,N,0
1746,31,3,16320,241,7,80,27,A,Active,Under 30,N,0
1747,36,8,10435,93,1,42,21,B,Active,Over 40,Y,0
1748,23,0,553,22,0,66,0,A,Active,Over 40,N,0
1749,35,0,1450,54,32,22,30,A,Inactive,30-40,Y,1
1750,40,1,4503,72,8,37,15,A,Active,Under 30,N,0
1751,34,0,1963,38,27,29,4,A,Inactive,30-40,N,1
1752,43,2,5000,97,20,32,14,A,Active,30-40,N,0
1753,24,0,1073,32,14,63,0,A,Active,Over 40,N,0
1754,32,0,1245,32,0,14,0,A,Inactive,30-40,N,0
1755,37,3,7318,85,129,52,12,A,Active,Under 30,N,0
1756,27,1,15710,229,0,76,17,A,Active,Under 30,N,0
1757,36,0,0,0,0,0,0,A,Inactive,30-40,N,1
1758,6,0,472,2,0,5,0,A,Active,Under 30,N,1
1759,28,2,3645,73,47,29,7,A,Active,Over 40,N,0
1760,35,0,1378,41,0,31,0,A,Active,Under 30,N,0
1761,40,2,3155,30,488,10,7,A,Active,30-40,N,0
1762,40,2,5898,100,36,28,14,A,Active,Under 30,N,1
1763,36,0,2868,54,55,46,13,A,Inactive,30-40,Y,1
1764,35,0,0,0,25,0,0,A,Inactive,30-40,N,1
1765,34,0,1790,42,34,17,6,A,Inactive,30-40,N,0
1766,10,2,4505,46,247,14,2,A,Active,30-40,N,0
1767,42,0,2653,52,51,37,15,A,Inactive,Over 40,Y,1
1768,33,1,6785,97,14,22,3,A,Active,Over 40,N,0
1769,38,0,2685,41,10,15,6,A,Inactive,30-40,Y,1
1770,33,0,3085,53,174,24,9,A,Active,Under 30,N,0
1771,25,0,820,29,177,6,0,B,Active,Under 30,N,0
1772,34,1,6805,86,185,27,6,A,Active,30-40,N,0
1773,24,0,710,5,23,4,0,A,Inactive,Over 40,N,0
1774,23,1,15510,222,0,72,15,A,Active,Under 30,N,0
1775,37,1,6963,78,110,37,10,A,Active,Under 30,N,0
1776,35,0,11350,149,13,48,4,A,Active,30-40,N,0
1777,34,0,3395,46,10,14,10,A,Inactive,30-40,N,1
1778,36,4,7025,119,276,35,9,B,Active,30-40,Y,0
1779,39,8,10615,101,12,47,23,A,Active,Over 40,N,0
1780,37,0,6118,65,87,22,4,A,Active,Under 30,N,0
1781,35,0,6223,68,92,32,1,A,Active,Under 30,N,0
1782,41,3,11830,163,23,51,15,A,Active,Over 40,N,0
1783,39,0,305,6,7,2,5,A,Inactive,Under 30,N,1
1784,40,1,2698,64,9,35,8,A,Active,Under 30,N,0
1785,33,0,4023,82,1,29,5,A,Active,Under 30,N,0
1786,38,0,13583,168,0,41,5,A,Active,30-40,N,0
1787,20,0,0,0,6,0,0,A,Inactive,Over 40,N,0
1788,46,0,1275,30,35,16,12,A,Inactive,30-40,N,0
1789,38,3,15140,225,54,32,25,A,Active,30-40,N,0
1790,37,1,11465,154,11,47,7,A,Active,Over 40,N,0
1791,30,0,570,2,0,8,0,A,Inactive,Under 30,N,0
1792,31,0,780,27,20,11,12,A,Inactive,30-40,N,0
1793,38,0,2203,57,0,30,1,A,Active,Under 30,N,0
1794,33,0,15405,180,140,26,8,A,Active,Under 30,N,0
1795,38,0,1360,44,39,19,0,A,Inactive,30-40,N,0
1796,40,3,5103,82,29,52,19,A,Active,Under 30,N,0
1797,33,0,1848,32,0,25,4,A,Inactive,30-40,N,1
1798,30,3,15885,238,25,82,20,A,Active,Under 30,N,0
1799,21,0,2860,52,0,19,0,A,Active,30-40,N,0
1800,19,1,9013,173,83,44,13,A,Active,Over 40,N,0
1801,30,1,7090,97,13,23,6,A,Active,Over 40,N,0
1802,19,0,8888,175,81,44,12,A,Active,Over 40,N,0
1803,39,0,3650,84,36,31,8,A,Active,Under 30,N,0
1804,40,1,4693,73,17,40,17,A,Active,Under 30,N,0
1805,36,0,2278,53,4,34,0,A,Active,Under 30,N,0
1806,32,0,2415,44,163,19,0,A,Active,Under 30,N,0
1807,39,1,8820,117,130,30,14,A,Active,30-40,N,0
1808,37,0,15485,182,150,30,9,A,Active,Under 30,N,0
1809,36,0,1668,25,0,6,1,A,Active,30-40,N,0
1810,39,3,758,16,43,8,5,A,Active,Over 40,N,0
1811,33,0,2685,35,2,14,4,A,Inactive,Under 30,N,1
1812,32,2,6660,110,264,31,1,B,Active,Under 30,N,0
1813,36,0,2055,33,278,16,0,A,Active,30-40,N,0
1814,24,0,300,19,161,9,0,B,Active,Under 30,N,0
1815,25,1,15690,230,0,74,19,A,Active,Under 30,N,0
1816,39,2,6615,91,184,25,6,A,Active,30-40,N,0
1817,37,1,305,6,7,2,5,A,Active,Over 40,N,0
1818,9,1,4390,40,215,10,2,A,Active,30-40,N,0
1819,32,0,245,36,0,17,17,A,Inactive,Under 30,N,1
1820,33,1,7030,100,16,22,5,A,Active,Over 40,N,0
1821,19,0,1570,28,32,17,0,A,Active,Under 30,N,0
1822,31,0,5880,81,0,5,0,A,Active,Over 40,N,0
1823,38,1,8990,123,148,46,10,A,Active,30-40,N,0
1824,39,2,11770,160,18,49,12,A,Active,Over 40,N,0
1825,22,0,1650,30,36,18,2,A,Active,Under 30,N,0
1826,11,2,4450,43,220,12,5,A,Active,30-40,N,0
1827,18,0,1003,23,8,60,0,A,Active,Over 40,N,0
1828,14,0,8743,171,98,42,7,A,Active,Over 40,N,0
1829,36,0,5803,90,9,13,3,A,Active,Under 30,N,0
1830,39,0,313,10,11,7,2,A,Inactive,30-40,Y,1
1831,35,0,1475,43,29,17,1,A,Inactive,30-40,N,0
1832,41,2,5213,83,16,37,21,A,Active,Under 30,N,0
1833,29,0,875,45,6,13,22,A,Inactive,Under 30,N,1
1834,38,0,4198,66,1,35,10,A,Active,Under 30,N,0
1835,35,0,2760,65,0,26,0,A,Active,Under 30,N,0
1836,38,1,2605,42,287,18,6,A,Active,30-40,N,0
1837,35,0,530,6,2,3,0,A,Inactive,30-40,N,0
1838,37,0,4180,71,30,19,3,A,Active,30-40,N,0
1839,38,0,7698,127,359,41,8,A,Active,Under 30,N,0
1840,38,2,6833,81,140,41,8,A,Active,Under 30,N,0
1841,23,1,1520,36,33,26,9,A,Active,Under 30,N,0
1842,41,2,7873,136,396,47,11,A,Active,30-40,N,0
1843,36,1,14068,173,14,57,6,A,Active,30-40,N,0
1844,43,2,6978,85,123,43,13,A,Active,Under 30,N,0
1845,35,2,7280,104,30,27,10,A,Active,Over 40,N,0
1846,33,0,0,0,0,0,0,A,Inactive,30-40,N,1
1847,38,0,2238,54,8,17,9,A,Inactive,30-40,N,0
1848,36,0,1260,39,20,22,2,A,Inactive,30-40,N,0
1849,22,0,2805,49,0,17,0,A,Active,30-40,N,0
1850,35,0,305,6,7,2,5,A,Inactive,Under 30,N,0
1851,36,0,6385,80,154,22,3,A,Active,30-40,N,0
1852,32,0,4110,61,0,11,3,A,Active,Under 30,N,0
1853,24,0,515,21,0,13,4,A,Active,Under 30,N,0
1854,41,0,2573,66,13,38,5,A,Active,Under 30,N,0
1855,38,1,3775,82,32,28,11,A,Active,30-40,N,0
1856,21,0,1145,30,9,9,9,A,Active,Under 30,N,0
1857,30,1,6600,107,259,29,0,B,Active,Under 30,N,0
1858,31,0,0,0,0,0,0,A,Inactive,Over 40,N,1
1859,38,1,6908,75,83,35,13,A,Active,Under 30,N,0
1860,37,0,1863,39,16,33,8,A,Inactive,30-40,N,1
1861,9,3,2088,29,21,22,7,A,Active,30-40,Y,1
1862,32,3,7190,120,268,31,10,B,Active,30-40,N,0
1863,38,0,128,5,32,6,0,A,Inactive,30-40,N,0
1864,17,1,6582,142,94,45,18,B,Active,Under 30,N,0
1865,38,1,2850,24,481,8,2,A,Active,30-40,N,0
1866,41,3,7083,84,120,41,16,A,Active,Under 30,N,0
1867,23,0,2730,54,0,18,0,A,Active,30-40,N,0
1868,46,3,5080,99,24,33,17,A,Active,Over 40,N,0
1869,39,1,7813,133,391,45,8,A,Active,30-40,N,0
1870,39,0,2428,54,7,15,14,A,Inactive,30-40,Y,0
1871,15,3,3257,50,32,17,9,A,Active,30-40,N,0
1872,19,1,2405,37,36,14,8,A,Active,Under 30,N,0
1873,36,0,6603,69,76,33,8,A,Active,Under 30,N,0
1874,13,0,8627,165,66,38,7,A,Active,Over 40,N,0
1875,11,0,6133,131,70,36,11,B,Active,Under 30,N,0
1876,29,0,15170,222,0,63,16,A,Active,Under 30,N,0
1877,33,1,9035,119,134,39,12,A,Active,30-40,N,0
1878,33,0,0,0,0,0,0,A,Inactive,30-40,N,1
1879,26,0,0,0,0,0,0,A,Inactive,Over 40,N,0
1880,36,0,2790,21,476,6,0,A,Active,30-40,N,0
1881,28,3,15895,230,0,75,23,A,Active,Under 30,N,0
1882,17,1,6202,140,76,39,14,B,Active,Under 30,N,0
1883,35,0,3355,70,0,22,6,A,Active,Under 30,N,0
1884,36,0,3908,83,11,31,4,A,Active,Under 30,N,0
1885,28,0,6300,83,0,15,0,A,Active,Over 40,N,0
1886,10,0,8448,157,55,33,5,A,Active,Over 40,N,0
1887,33,0,1253,27,2,29,0,A,Inactive,30-40,N,1
1888,41,2,3408,75,17,35,14,A,Active,Under 30,N,0
1889,27,0,6400,89,0,16,0,A,Active,Over 40,N,0
1890,30,2,1190,19,33,7,8,A,Active,Over 40,N,0
1891,7,0,3895,33,199,5,0,A,Active,30-40,N,0
1892,39,2,4630,89,34,29,7,A,Active,30-40,N,0
1893,36,2,3380,63,196,38,10,A,Active,Under 30,N,0
1894,38,1,193,5,5,4,3,A,Active,30-40,N,1
1895,36,0,6798,116,359,43,0,A,Active,Under 30,N,0
1896,28,0,1410,36,18,7,17,A,Inactive,30-40,N,0
1897,41,0,628,13,17,5,2,A,Inactive,Over 40,N,1
1898,37,0,2453,60,359,24,10,A,Active,30-40,N,0
1899,38,0,2115,36,283,18,2,A,Active,30-40,N,0
1900,41,0,3375,49,26,22,15,A,Inactive,30-40,Y,1
1901,40,0,2150,58,56,27,10,A,Inactive,30-40,N,0
1902,11,1,4095,36,201,25,5,A,Active,30-40,N,0
1903,28,0,2685,29,0,13,2,A,Inactive,Under 30,N,1
1904,31,0,650,41,9,15,18,A,Inactive,Under 30,N,1
1905,40,1,4485,76,3,16,11,A,Active,30-40,N,0
1906,33,0,0,0,0,0,0,A,Inactive,Under 30,N,1
1907,16,0,9123,171,48,38,17,A,Active,Over 40,N,0
1908,38,3,3695,37,504,23,8,A,Active,30-40,N,0
1909,38,1,1973,31,7,8,6,A,Active,Over 40,N,0
1910,36,2,4810,87,16,38,6,A,Active,30-40,N,0
1911,36,0,0,0,1,0,0,A,Inactive,Under 30,N,1
1912,39,1,5080,82,30,17,14,A,Active,30-40,N,0
1913,39,0,1963,44,35,30,6,A,Inactive,30-40,N,1
1914,42,1,5998,97,17,16,7,A,Active,30-40,N,0
1915,37,0,2363,52,7,14,12,A,Inactive,30-40,N,0
1916,38,0,4370,71,5,17,8,A,Active,30-40,N,0
1917,11,2,1792,25,7,9,8,A,Active,30-40,Y,1
1918,30,2,1933,48,42,72,12,A,Active,Over 40,N,0
1919,29,0,1005,31,17,9,16,A,Inactive,30-40,N,0
1920,41,0,13953,177,11,49,9,A,Active,30-40,N,0
1921,32,0,4130,75,0,19,1,A,Active,30-40,N,0
1922,38,0,115,6,32,4,0,A,Inactive,Under 30,N,1
1923,31,0,5333,84,8,17,6,A,Active,Under 30,Y,1
1924,29,0,2475,41,160,20,0,A,Active,Under 30,N,0
1925,33,2,1575,46,208,17,9,B,Active,30-40,N,0
1926,40,0,2168,54,5,35,0,A,Active,Under 30,N,0
1927,37,2,4640,81,7,22,10,A,Active,30-40,N,0
1928,38,3,9825,132,152,43,19,A,Active,30-40,N,0
1929,16,0,1390,20,21,12,0,A,Active,Under 30,N,0
1930,21,2,2710,43,43,16,13,A,Active,30-40,N,0
1931,35,4,7690,113,42,39,12,A,Active,Over 40,N,0
1932,39,0,15190,178,136,17,10,A,Active,Under 30,N,0
1933,31,0,405,2,0,5,0,A,Inactive,Under 30,N,0
1934,43,3,7103,83,125,43,14,A,Active,Under 30,N,0
1935,28,2,6705,106,256,27,1,B,Active,Under 30,N,0
1936,8,2,1613,17,7,4,6,A,Active,30-40,Y,1
1937,34,0,2208,41,29,29,6,A,Inactive,30-40,Y,1
1938,35,0,760,9,2,12,0,A,Inactive,Under 30,N,0
1939,22,0,700,19,2,6,9,A,Inactive,Under 30,N,0
1940,11,4,5295,56,243,27,11,B,Active,30-40,N,0
1941,32,0,875,8,0,10,0,A,Inactive,Under 30,N,0
1942,42,0,738,17,46,10,5,A,Inactive,30-40,N,0
1943,32,0,1853,46,0,11,3,A,Inactive,30-40,N,0
1944,38,0,2583,59,11,36,5,A,Active,Under 30,N,0
1945,28,1,2063,46,46,73,11,A,Active,Over 40,N,0
1946,26,2,2168,49,51,83,8,A,Active,Over 40,N,0
1947,24,1,1620,36,192,12,7,B,Active,Under 30,N,0
1948,36,0,1668,34,13,16,5,A,Inactive,30-40,N,1
1949,37,0,6908,117,363,28,0,A,Active,Under 30,N,0
1950,33,0,3290,68,14,21,4,A,Active,Under 30,N,0
1951,44,2,4283,98,24,36,12,A,Active,30-40,N,0
1952,33,0,1605,41,33,18,0,A,Inactive,30-40,N,0
1953,21,4,3338,59,49,26,15,A,Active,30-40,N,0
1954,38,0,710,11,8,2,6,A,Inactive,Under 30,N,1
1955,43,0,273,9,15,8,0,A,Inactive,Under 30,N,0
1956,24,0,0,0,0,0,0,A,Inactive,Under 30,N,0
1957,9,1,1243,16,0,7,1,A,Active,30-40,Y,1
1958,37,1,6740,101,22,26,3,A,Active,Over 40,N,0
1959,44,1,14033,179,15,50,12,A,Active,30-40,N,0
1960,30,0,1180,30,20,13,0,A,Inactive,30-40,N,0
1961,25,0,1255,33,188,9,1,B,Active,Under 30,N,0
1962,14,0,8818,165,41,36,12,A,Active,Over 40,N,0
1963,36,1,2655,43,299,31,3,A,Active,30-40,N,0
1964,26,1,3340,67,40,27,2,A,Active,30-40,N,0
1965,40,2,4083,91,14,32,10,A,Active,30-40,N,0
1966,34,0,0,0,0,0,0,A,Inactive,Over 40,Y,1
1967,46,2,6483,111,29,20,16,A,Active,30-40,N,0
1968,33,0,0,0,0,0,0,A,Inactive,Under 30,N,1
1969,21,0,1083,25,12,61,0,A,Active,Over 40,N,0
1970,41,1,3275,35,494,13,6,A,Active,30-40,N,0
1971,35,0,6413,69,101,35,3,A,Active,Under 30,N,0
1972,34,0,1773,37,18,26,2,A,Inactive,30-40,N,1
1973,17,3,2447,40,13,21,7,A,Active,30-40,N,0
1974,39,0,2268,60,6,36,0,A,Active,Under 30,N,0
1975,36,0,2263,60,384,26,5,A,Active,30-40,N,0
1976,38,9,10740,99,8,44,26,A,Active,Over 40,N,0
1977,35,0,5738,87,0,7,4,A,Active,30-40,N,0
1978,38,0,11340,156,15,50,4,A,Active,30-40,N,0
1979,35,0,1223,37,0,15,0,A,Inactive,30-40,N,0
1980,37,0,15485,182,150,30,9,A,Active,Under 30,N,0
1981,38,0,1760,29,264,3,0,A,Active,30-40,N,0
1982,26,0,1415,32,7,11,15,A,Active,Under 30,N,0
1983,35,0,6223,95,6,13,9,A,Active,Under 30,N,0
1984,41,0,2658,66,47,23,14,A,Inactive,Over 40,Y,0
1985,34,0,0,0,0,0,0,A,Inactive,30-40,Y,1
1986,40,0,1205,21,29,13,9,A,Inactive,30-40,N,0
1987,33,1,6763,71,100,33,8,A,Active,Under 30,N,0
1988,42,10,10820,101,18,48,27,A,Active,Over 40,N,0
1989,31,0,2780,47,167,22,4,A,Active,Under 30,N,0
1990,36,0,1933,48,1,15,4,A,Inactive,30-40,N,0
1991,26,0,1568,39,30,68,4,A,Active,Over 40,N,0
1992,38,2,6785,103,22,23,5,A,Active,Over 40,N,0
1993,25,0,858,28,5,68,0,A,Active,Over 40,N,0
1994,38,1,3775,82,32,28,11,A,Active,30-40,N,0
1995,38,0,2393,58,2,33,3,A,Active,Under 30,N,0
1996,33,4,16190,243,0,79,28,B,Active,Under 30,N,0
1997,10,1,3985,35,197,12,1,A,Active,30-40,N,0
1998,38,1,2840,56,180,25,9,A,Active,Under 30,N,0
1999,33,0,15120,173,138,26,1,A,Active,Under 30,N,0
2000,38,0,403,3,12,6,0,A,Inactive,Over 40,Y,1
2001,31,1,2053,53,48,75,11,A,Active,Over 40,N,0
2002,33,0,3775,76,24,27,9,A,Active,Under 30,N,0
2003,17,1,6392,141,85,42,16,B,Active,Under 30,N,0
2004,17,4,3562,56,39,19,14,B,Active,30-40,N,0
2005,31,0,1825,5,0,12,0,A,Active,30-40,N,0
2006,41,1,4203,96,20,35,9,A,Active,30-40,N,0
2007,39,0,2228,56,362,26,6,A,Active,Under 30,N,0
2008,36,0,0,0,0,0,0,A,Inactive,Under 30,N,1
2009,40,1,2665,45,292,20,9,A,Active,30-40,N,0
2010,34,2,8935,113,133,38,11,A,Active,30-40,N,0
2011,34,1,2438,54,7,29,5,A,Active,Under 30,N,0
2012,36,0,3118,72,0,13,0,A,Active,Under 30,N,0
2013,41,0,1520,63,38,25,33,A,Inactive,30-40,Y,1
2014,35,0,7203,121,377,41,0,A,Active,Under 30,N,0
2015,29,0,0,0,0,0,0,A,Inactive,Under 30,N,1
2016,32,0,1080,45,12,14,26,A,Inactive,30-40,Y,1
2017,36,1,8405,110,119,43,7,A,Active,30-40,N,0
2018,36,1,7633,125,380,40,6,A,Active,30-40,N,0
2019,38,0,465,11,11,8,0,A,Active,Under 30,N,0
2020,25,0,205,18,0,2,4,A,Inactive,Under 30,N,0
2021,36,0,2513,47,36,31,11,A,Inactive,30-40,Y,1
2022,34,1,14775,216,42,28,17,A,Active,Under 30,N,0
2023,34,2,9420,121,143,44,16,A,Active,30-40,N,0
2024,35,1,8620,114,128,38,6,A,Active,30-40,N,0
2025,42,5,15505,234,66,36,33,B,Active,30-40,N,0
2026,30,0,2520,43,160,17,1,A,Active,Under 30,N,0
2027,36,1,6905,91,187,24,4,A,Active,30-40,N,0
2028,26,0,1323,36,28,68,2,A,Active,Over 40,N,0
2029,40,2,4820,89,9,27,12,A,Active,30-40,N,0
2030,39,4,15850,236,62,32,31,A,Active,30-40,Y,0
2031,35,0,2390,31,0,1,5,A,Inactive,30-40,N,1
2032,33,1,643,4,3,3,3,A,Active,Over 40,N,0
2033,38,1,4213,89,18,33,9,A,Active,30-40,N,0
2034,42,2,6283,104,19,16,14,A,Active,30-40,N,0
2035,28,2,1645,44,58,19,15,A,Active,Under 30,N,0
2036,36,0,2180,43,154,8,2,A,Active,Under 30,N,0
2037,35,0,15180,176,143,28,4,A,Active,Under 30,N,0
2038,36,3,15365,229,51,30,29,A,Active,30-40,N,0
2039,37,0,3660,76,0,24,11,A,Active,Under 30,N,0
2040,35,1,1015,50,21,19,26,A,Active,30-40,Y,1
2041,31,0,11080,146,0,41,1,A,Active,30-40,N,0
2042,38,1,1973,31,7,8,6,A,Active,Over 40,N,0
2043,41,3,15320,233,65,37,27,A,Active,30-40,N,0
2044,43,2,4515,89,10,26,9,A,Active,30-40,N,0
2045,7,0,1183,13,0,5,0,A,Inactive,Under 30,Y,1
2046,33,0,710,44,14,17,21,A,Active,Under 30,Y,1
2047,34,0,2285,46,159,18,0,A,Active,Under 30,N,0
2048,17,0,1505,26,53,16,0,A,Active,Under 30,N,0
2049,37,0,2643,61,368,27,12,A,Active,30-40,N,0
2050,31,0,2193,50,344,18,5,A,Active,Under 30,N,0
2051,40,1,6898,83,119,42,10,A,Active,Under 30,N,0
2052,39,0,3070,43,19,20,10,A,Inactive,30-40,N,1
2053,38,0,723,10,8,2,1,A,Inactive,Under 30,N,0
2054,40,1,770,17,18,10,5,A,Active,30-40,N,0
2055,30,3,7010,112,263,29,6,B,Active,Under 30,N,0
2056,40,1,2475,44,283,17,7,A,Active,30-40,N,0
2057,12,1,1668,27,11,12,5,A,Active,30-40,N,1
2058,29,1,3305,63,18,27,3,A,Active,30-40,N,0
2059,36,3,6418,108,47,39,17,A,Active,Under 30,N,0
2060,15,0,6088,135,78,40,11,B,Active,Under 30,N,0
2061,23,0,920,26,12,11,5,A,Active,Under 30,N,0
2062,44,0,1193,23,31,12,10,A,Inactive,Over 40,Y,1
2063,32,0,2188,42,24,27,8,A,Inactive,30-40,N,1
2064,35,0,2990,41,9,16,9,A,Inactive,30-40,N,1
2065,35,0,5108,87,1,24,7,A,Active,Under 30,N,1
2066,16,0,8808,173,77,43,9,A,Active,Over 40,N,0
2067,38,0,2495,17,462,7,0,A,Active,30-40,N,0
2068,16,1,6203,141,110,44,11,B,Active,Under 30,N,0
2069,27,1,2278,50,38,68,10,A,Active,Over 40,N,0
2070,10,0,1363,21,4,10,0,A,Active,Under 30,Y,1
2071,44,0,2833,60,56,39,19,A,Inactive,Over 40,Y,1
2072,40,0,2990,47,17,17,11,A,Inactive,30-40,N,1
2073,11,2,1548,22,5,9,6,A,Active,30-40,Y,1
2074,25,0,1415,33,28,16,12,A,Active,Under 30,N,0
2075,35,0,570,8,0,9,0,A,Inactive,Under 30,N,0
2076,30,0,7203,115,369,40,0,A,Active,Under 30,N,0
2077,35,0,2393,42,30,28,12,A,Inactive,Over 40,N,1
2078,38,2,6123,104,33,26,18,A,Active,Under 30,N,0
2079,26,0,635,9,12,1,0,A,Inactive,Over 40,N,0
2080,18,4,3157,51,38,21,13,A,Active,30-40,N,0
2081,34,0,2720,50,170,21,3,A,Active,Under 30,N,0
2082,42,0,2315,43,293,22,4,A,Active,30-40,N,0
2083,22,0,1203,30,18,64,0,A,Active,Over 40,N,0
2084,35,1,7803,131,398,56,2,A,Active,Under 30,N,0
2085,35,1,4080,82,31,29,14,A,Active,30-40,N,0
2086,43,1,7768,137,399,49,8,A,Active,30-40,N,0
2087,31,3,16075,238,0,80,25,B,Active,Under 30,N,0
2088,34,0,3603,77,4,29,0,A,Active,Under 30,N,0
2089,34,0,5758,95,21,22,10,A,Active,Under 30,N,1
2090,32,0,325,6,0,2,0,A,Inactive,Under 30,N,0
2091,21,1,1270,28,11,9,10,A,Active,Under 30,N,0
2092,40,1,5978,98,12,14,9,A,Active,30-40,N,0
2093,41,1,3718,88,10,29,4,A,Active,30-40,N,0
2094,38,0,2393,58,2,33,3,A,Active,Under 30,N,0
2095,35,1,6223,103,27,22,14,A,Active,Under 30,N,0
2096,36,0,1858,26,9,9,3,A,Active,30-40,N,0
2097,31,0,11205,144,0,41,2,A,Active,30-40,N,0
2098,7,0,1182,13,0,5,0,A,Active,Under 30,N,1
2099,23,2,9498,187,95,48,22,A,Active,Over 40,N,0
2100,41,2,3375,56,300,20,15,A,Active,Over 40,N,0
2101,26,0,825,10,21,3,0,A,Inactive,Over 40,N,0
2102,37,0,4083,60,0,31,10,A,Active,Under 30,N,0
2103,31,0,1668,19,0,5,0,A,Active,30-40,N,0
2104,34,0,1873,45,0,13,1,A,Inactive,30-40,N,0
2105,39,2,7213,82,124,42,15,A,Active,Under 30,N,0
2106,42,2,3405,38,22,22,11,A,Active,Over 40,N,0
2107,36,0,628,7,9,4,0,A,Inactive,Over 40,N,1
2108,32,0,0,0,0,0,0,A,Inactive,Under 30,N,1
2109,34,5,16495,250,39,86,30,B,Active,Under 30,N,0
2110,40,0,2543,60,15,19,14,A,Inactive,30-40,N,0
2111,35,4,16155,240,10,84,26,A,Active,Under 30,N,0
2112,33,0,2088,51,347,20,2,A,Active,Under 30,N,0
2113,10,0,4265,42,219,13,0,A,Active,30-40,N,0
2114,7,0,4085,34,208,8,0,A,Active,30-40,N,0
2115,16,3,4695,52,230,13,9,A,Active,30-40,N,0
2116,36,0,1898,51,0,28,0,A,Active,Under 30,N,0
2117,45,4,9680,137,166,51,23,A,Active,30-40,N,0
2118,35,0,2338,55,361,25,7,A,Active,Under 30,N,0
2119,40,2,4080,88,39,30,16,A,Active,30-40,N,0
2120,37,0,7508,127,384,43,3,A,Active,Under 30,N,0
2121,38,0,2428,55,17,20,11,A,Inactive,30-40,Y,0
2122,36,0,3105,47,41,20,9,A,Inactive,30-40,Y,1
2123,34,0,13693,167,0,40,6,A,Active,30-40,N,0
2124,18,0,0,0,0,0,0,A,Inactive,Over 40,N,0
2125,40,0,433,11,39,8,0,A,Inactive,30-40,N,0
2126,33,0,305,6,7,2,5,A,Inactive,Under 30,N,1
2127,27,1,1125,35,184,8,2,B,Active,Under 30,N,0
2128,36,0,2055,33,278,16,0,A,Active,30-40,N,0
2129,32,0,0,0,0,0,0,A,Active,Over 40,N,0
2130,27,0,1300,35,31,22,15,A,Inactive,30-40,N,0
2131,31,0,650,41,9,15,18,A,Inactive,Under 30,Y,1
2132,38,1,3965,83,41,31,13,A,Active,30-40,N,0
2133,33,0,933,7,8,5,3,A,Inactive,Over 40,N,1
2134,36,0,2870,66,4,11,2,A,Active,Under 30,N,0
2135,39,1,15790,188,157,32,14,A,Active,Under 30,N,0
2136,23,1,1695,32,36,15,4,A,Active,30-40,N,0
2137,23,0,920,26,12,11,5,A,Active,Under 30,N,0
2138,31,0,615,4,0,5,0,A,Inactive,Under 30,N,0
2139,41,5,7270,128,286,36,13,B,Active,30-40,N,0
2140,25,0,305,6,17,2,5,A,Inactive,Over 40,N,0
2141,27,1,1315,36,193,11,4,B,Active,Under 30,N,0
2142,8,1,2288,29,9,11,0,A,Active,30-40,N,0
2143,43,1,2360,45,293,19,6,A,Active,Over 40,N,0
2144,38,0,248,7,0,1,3,A,Inactive,30-40,N,1
2145,11,0,1390,14,13,11,0,A,Active,Under 30,N,0
2146,37,0,1065,15,9,14,2,A,Inactive,Under 30,N,0
2147,34,0,3115,39,7,13,12,A,Inactive,30-40,Y,1
2148,42,0,498,13,18,9,2,A,Inactive,Under 30,N,0
2149,34,0,2240,12,0,4,0,A,Active,30-40,N,0
2150,31,0,2055,27,270,15,0,A,Active,30-40,N,0
2151,36,0,4065,65,0,15,3,A,Active,Under 30,N,0
2152,41,2,15850,191,162,34,17,A,Active,Under 30,N,0
2153,35,0,295,4,14,13,0,A,Inactive,Under 30,Y,1
2154,37,0,503,9,13,7,0,A,Inactive,Over 40,Y,1
2155,22,0,1488,37,20,64,3,A,Active,Over 40,N,0
2156,39,2,6805,92,193,28,8,A,Active,30-40,N,0
2157,41,0,2088,58,3,32,0,A,Active,Under 30,N,0
2158,39,1,2758,66,366,26,15,A,Active,30-40,N,0
2159,40,1,4430,74,10,19,11,A,Active,30-40,N,0
2160,38,0,1123,14,25,9,7,A,Inactive,Over 40,N,1
2161,36,0,405,8,6,6,0,A,Inactive,Under 30,N,0
2162,27,0,700,25,10,7,11,A,Inactive,Under 30,N,0
2163,41,0,2753,58,52,38,16,A,Inactive,Over 40,Y,1
2164,38,0,7383,129,388,46,0,A,Active,Under 30,N,0
2165,25,0,1010,30,186,9,0,B,Active,Under 30,N,0
2166,31,3,1680,45,205,15,12,B,Active,30-40,N,0
2167,34,0,1363,19,0,4,0,A,Active,30-40,N,0
2168,23,1,3520,65,22,36,1,A,Active,30-40,N,0
2169,19,0,2965,51,0,17,0,A,Active,30-40,N,0
2170,15,2,2142,34,6,19,2,A,Active,30-40,N,0
2171,43,1,14258,183,18,51,14,A,Active,30-40,N,0
2172,31,0,0,0,0,0,0,A,Inactive,Under 30,N,1
2173,37,1,4428,93,10,28,8,A,Active,30-40,N,0
2174,43,0,2238,60,16,18,11,A,Inactive,30-40,Y,0
2175,41,0,405,14,14,7,0,A,Inactive,30-40,N,0
2176,35,2,7090,103,21,24,8,A,Active,Over 40,N,0
2177,41,1,4210,83,3,24,4,A,Active,30-40,N,0
2178,39,2,3805,38,491,8,10,A,Active,30-40,N,0
2179,33,0,1550,39,40,21,0,A,Inactive,30-40,N,0
2180,41,0,2050,52,55,26,9,A,Inactive,Over 40,Y,0
2181,40,0,2543,60,15,19,14,A,Inactive,30-40,Y,0
2182,22,0,215,11,0,3,4,A,Inactive,Under 30,N,0
2183,36,0,0,0,0,0,0,A,Inactive,Under 30,N,0
2184,33,0,0,0,0,0,0,A,Inactive,Under 30,N,0
2185,29,0,405,21,7,2,12,A,Inactive,30-40,N,0
2186,35,0,6195,80,179,24,0,A,Active,30-40,N,0
2187,18,0,1695,26,28,14,2,A,Active,Under 30,N,0
2188,42,3,4140,91,44,32,19,A,Active,30-40,N,0
2189,35,0,2665,39,284,19,7,A,Active,30-40,N,0
2190,44,0,318,11,15,5,2,A,Inactive,30-40,N,0
2191,32,0,7508,121,376,42,1,A,Active,Under 30,N,0
2192,42,0,665,18,21,12,2,A,Inactive,30-40,N,0
2193,37,0,875,14,0,11,0,A,Inactive,Under 30,N,0
2194,37,0,223,2,0,6,0,A,Inactive,Over 40,N,1
2195,20,0,1308,29,15,62,0,A,Active,Over 40,N,0
2196,34,0,1963,38,27,29,4,A,Inactive,30-40,Y,1
2197,40,3,6920,98,225,32,8,A,Active,Over 40,N,0
2198,38,0,2238,54,8,17,9,A,Inactive,30-40,Y,0
2199,24,0,520,4,14,1,0,A,Inactive,Over 40,N,0
2200,40,1,2420,42,290,20,7,A,Active,30-40,N,0
2201,37,0,3593,84,6,31,0,A,Active,Under 30,N,0
2202,34,0,0,0,0,0,0,A,Inactive,Under 30,N,1
2203,42,1,7993,141,402,50,10,A,Active,30-40,N,0
2204,26,2,16075,232,0,79,23,A,Active,Under 30,N,0
2205,35,4,7080,122,303,37,6,B,Active,30-40,N,0
2206,45,5,15445,237,69,35,32,B,Active,30-40,N,0
2207,34,0,0,0,0,0,0,A,Inactive,Under 30,N,1
2208,11,2,1982,26,16,12,10,A,Active,30-40,Y,1
2209,7,0,4275,35,217,11,0,A,Active,30-40,N,0
2210,34,0,2665,48,177,24,3,A,Active,Under 30,N,0
2211,28,0,1130,16,28,5,5,A,Inactive,Over 40,N,0
2212,30,7,10175,83,0,36,16,A,Active,Over 40,N,0
2213,30,0,1523,43,38,72,4,A,Active,Over 40,N,0
2214,40,0,3973,62,4,37,6,A,Active,Under 30,N,0
2215,37,0,4400,77,0,21,7,A,Active,30-40,N,0
2216,13,3,3157,45,30,20,11,A,Active,30-40,N,0
2217,33,0,1360,38,31,18,0,A,Inactive,30-40,N,0
2218,33,0,3285,45,23,29,8,A,Inactive,Under 30,N,1
2219,37,0,305,6,7,2,5,A,Inactive,30-40,N,0
2220,38,0,1038,18,28,19,9,A,Inactive,30-40,N,1
2221,32,0,3353,73,0,24,0,A,Active,Under 30,N,0
2222,32,2,6850,111,273,34,3,B,Active,Under 30,N,0
2223,38,1,3085,59,182,25,11,A,Active,Under 30,N,0
2224,11,0,8853,169,63,36,11,A,Active,Over 40,N,0
2225,25,0,395,19,3,5,6,A,Inactive,Under 30,N,0
2226,14,1,6697,141,84,43,19,B,Active,Under 30,N,0
2227,16,0,1200,19,12,9,0,A,Active,Under 30,N,0
2228,32,3,15670,233,0,82,24,A,Active,Under 30,Y,0
2229,40,0,2348,46,44,35,10,A,Inactive,30-40,Y,1
2230,38,3,15140,225,54,32,25,A,Active,30-40,N,0
2231,39,0,2688,56,73,37,14,A,Inactive,Over 40,Y,1
2232,30,0,6195,74,171,23,0,A,Active,30-40,N,0
2233,34,1,7023,75,107,38,11,A,Active,Under 30,N,0
2234,12,3,2898,41,23,15,8,A,Active,30-40,N,0
2235,35,0,5498,83,0,6,1,A,Active,Under 30,N,0
2236,31,0,460,40,0,12,16,A,Inactive,Under 30,Y,1
2237,37,0,600,10,21,15,4,A,Inactive,Under 30,N,1
2238,37,5,7385,128,310,39,11,B,Active,30-40,N,0
2239,38,1,3285,28,492,11,6,A,Active,30-40,N,0
2240,36,8,10625,94,10,45,23,A,Active,Over 40,N,0
2241,21,3,6758,150,97,46,24,B,Active,Under 30,N,0
2242,17,0,2660,45,0,15,0,A,Active,30-40,N,0
2243,14,2,2548,39,24,17,3,A,Active,30-40,N,0
2244,36,0,2463,58,7,15,13,A,Inactive,30-40,N,0
2245,39,0,1148,19,15,4,11,A,Inactive,30-40,N,1
2246,27,0,1000,28,22,15,6,A,Active,Under 30,N,0
2247,25,0,1010,30,186,9,0,B,Active,Under 30,N,0
2248,34,0,1180,14,0,12,3,A,Inactive,Under 30,N,0
2249,31,0,4210,71,0,22,0,A,Active,30-40,N,0
2250,38,0,3598,56,0,20,6,A,Active,Under 30,N,0
2251,37,0,0,0,0,0,0,A,Inactive,Under 30,N,0
2252,35,0,3185,58,176,21,7,A,Active,Under 30,N,0
2253,45,0,1015,26,28,11,9,A,Inactive,30-40,N,0
2254,41,2,338,10,12,3,2,A,Active,Over 40,N,0
2255,39,0,1780,30,28,28,9,A,Inactive,Under 30,N,0
2256,36,4,7270,122,278,35,11,B,Active,30-40,N,0
2257,21,0,315,17,0,1,5,A,Inactive,Under 30,N,0
2258,10,1,1082,14,0,9,2,A,Active,30-40,Y,1
2259,37,0,8515,111,123,28,9,A,Active,30-40,N,0
2260,37,1,15730,185,152,30,11,A,Active,Under 30,N,0
2261,36,0,3528,81,0,25,0,A,Active,Under 30,N,0
2262,28,1,15060,221,0,78,14,A,Active,Under 30,N,0
2263,22,0,305,6,13,2,5,A,Inactive,Over 40,N,0
2264,36,0,1375,59,55,23,28,A,Inactive,30-40,Y,1
2265,26,0,1425,20,42,18,4,A,Inactive,Over 40,N,0
2266,25,0,395,19,3,5,6,A,Inactive,Under 30,N,0
2267,35,3,14960,217,43,27,23,A,Active,30-40,N,0
2268,38,3,6920,120,279,37,6,B,Active,Under 30,N,0
2269,40,1,14268,176,16,49,14,A,Active,30-40,N,0
2270,39,0,580,10,7,2,5,A,Inactive,Under 30,N,0
2271,22,1,1775,28,38,18,3,A,Active,Under 30,N,0
2272,17,1,9238,177,80,42,17,A,Active,Over 40,N,0
2273,35,0,3235,44,11,16,11,A,Inactive,30-40,N,1
2274,16,3,2662,44,22,16,6,A,Active,30-40,N,0
2275,36,0,935,18,10,6,6,A,Inactive,30-40,N,0
2276,36,0,3610,67,0,8,0,A,Active,30-40,N,0
2277,29,0,475,21,13,9,7,A,Inactive,Under 30,N,0
2278,40,1,6223,101,14,14,11,A,Active,30-40,N,0
2279,40,1,11160,154,12,46,4,A,Active,Over 40,N,0
2280,29,0,1195,32,26,12,18,A,Inactive,30-40,N,0
2281,35,0,3603,76,0,24,2,A,Active,Under 30,N,0
2282,13,1,1443,23,8,11,3,A,Active,30-40,N,1
2283,33,0,1145,48,25,20,25,A,Inactive,Under 30,Y,1
2284,31,1,3485,71,23,29,7,A,Active,30-40,N,0
2285,38,0,933,13,16,6,5,A,Inactive,Over 40,N,1
2286,35,0,570,8,0,9,0,A,Inactive,Under 30,N,0
2287,36,2,15025,220,56,33,22,A,Active,30-40,N,0
2288,40,1,6413,75,109,36,5,A,Active,Under 30,N,0
2289,36,0,733,12,21,17,4,A,Inactive,30-40,N,1
2290,34,0,6298,63,69,31,3,A,Active,Under 30,N,0
2291,19,2,6697,147,92,44,21,B,Active,Under 30,N,0
2292,33,0,0,0,0,0,0,A,Inactive,Over 40,N,1
2293,36,0,0,0,25,0,0,A,Inactive,Under 30,N,1
2294,17,2,2728,47,35,22,5,A,Active,30-40,N,0
2295,40,2,2033,34,12,10,9,A,Active,Over 40,N,0
2296,38,0,0,0,3,0,0,A,Inactive,30-40,N,1
2297,42,2,2725,48,297,22,12,A,Active,Over 40,N,0
2298,33,0,1130,22,36,6,7,A,Inactive,Over 40,N,0
2299,39,3,6238,110,65,30,18,A,Active,30-40,N,0
2300,5,0,1123,10,0,3,0,A,Inactive,Under 30,Y,1
2301,37,1,3585,82,57,30,6,A,Active,30-40,N,0
2302,37,3,12065,164,32,62,11,A,Active,Over 40,N,0
2303,31,0,6480,91,7,20,0,A,Active,Over 40,N,0
2304,32,1,7190,102,15,20,4,A,Active,Over 40,N,0
2305,38,1,3163,71,367,24,16,A,Active,30-40,N,0
2306,32,0,2810,33,0,11,7,A,Inactive,30-40,N,1
2307,34,0,2840,22,0,14,1,A,Active,30-40,N,0
2308,40,4,5420,99,30,42,16,A,Active,30-40,N,0
2309,25,2,1825,42,40,28,14,A,Active,Under 30,N,0
2310,38,0,0,0,0,0,0,A,Inactive,Under 30,N,1
2311,25,0,625,22,0,2,6,A,Active,Under 30,N,0
2312,34,3,7155,117,280,36,8,B,Active,Under 30,N,0
2313,36,0,1540,46,42,23,0,A,Inactive,30-40,N,0
2314,35,0,0,0,0,0,0,A,Inactive,Under 30,N,0
2315,9,1,1733,22,7,7,5,A,Active,30-40,Y,1
2316,40,1,2665,45,292,20,9,A,Active,30-40,N,0
2317,27,0,700,25,10,7,11,A,Inactive,Under 30,N,0
2318,38,1,2163,32,16,11,8,A,Active,Over 40,N,0
2319,18,0,920,20,4,10,3,A,Active,Under 30,N,0
2320,34,0,2650,21,0,11,0,A,Active,30-40,N,0
2321,39,1,4705,83,7,23,12,A,Active,30-40,N,0
2322,32,0,2570,29,0,10,4,A,Inactive,Under 30,Y,1
2323,39,4,7405,102,214,43,12,A,Active,30-40,N,0
2324,34,1,1963,29,14,19,0,A,Active,30-40,N,0
2325,18,3,2628,41,34,21,4,A,Active,30-40,N,0
2326,35,2,5943,96,22,21,16,A,Active,Under 30,N,1
2327,39,0,318,5,7,4,0,A,Inactive,Under 30,N,0
2328,38,0,1973,40,20,18,10,A,Inactive,30-40,N,1
2329,23,0,1130,10,20,4,3,A,Inactive,Over 40,N,0
2330,34,0,2800,41,34,18,4,A,Inactive,30-40,Y,1
2331,39,5,10020,137,172,60,22,A,Active,30-40,Y,0
2332,29,2,16015,235,0,78,22,A,Active,Under 30,N,0
2333,38,0,5673,92,5,12,4,A,Active,Under 30,N,0
2334,28,0,0,0,0,0,0,A,Active,30-40,N,0
2335,37,0,0,0,9,0,0,A,Inactive,Under 30,N,0
2336,40,4,7225,126,286,39,11,B,Active,30-40,Y,0
2337,35,9,10560,91,7,39,24,A,Active,Over 40,N,0
2338,42,0,3295,53,24,19,16,A,Inactive,30-40,Y,1
2339,39,10,11450,110,16,44,32,A,Active,Over 40,N,0
2340,32,8,10480,89,7,38,21,A,Active,Over 40,N,0
2341,37,0,7263,124,382,43,1,A,Active,Under 30,N,0
2342,39,3,9230,126,142,42,16,A,Active,30-40,N,0
2343,19,1,1810,32,60,18,2,A,Active,30-40,N,0
2344,37,0,875,14,0,11,0,A,Inactive,Under 30,N,0
2345,41,1,1668,31,8,7,3,A,Active,Over 40,N,0
2346,27,0,2535,10,0,11,0,A,Active,30-40,N,0
2347,33,0,1890,48,35,18,7,A,Inactive,30-40,N,0
2348,40,2,5010,90,18,30,14,A,Active,30-40,N,0
2349,28,0,815,31,42,11,11,A,Inactive,30-40,N,0
2350,31,0,6670,92,16,23,0,A,Active,Over 40,N,0
2351,37,8,10030,88,0,44,20,A,Active,Over 40,N,0
2352,31,0,2660,14,0,9,0,A,Active,30-40,N,0
2353,39,0,4560,71,7,15,13,A,Active,Under 30,N,0
2354,39,2,2088,37,39,12,6,A,Active,Over 40,N,0
2355,37,4,16335,248,15,86,30,A,Active,Under 30,Y,0
2356,38,0,2485,49,161,10,7,A,Active,Under 30,N,0
2357,44,0,2498,64,23,23,14,A,Inactive,30-40,Y,0
2358,37,2,6865,99,24,26,4,A,Active,Over 40,N,0
2359,40,2,7928,139,423,49,8,A,Active,30-40,N,0
2360,35,2,6795,90,200,39,2,A,Active,30-40,N,0
2361,33,0,2725,16,0,10,1,A,Active,30-40,N,0
2362,32,1,305,6,7,2,5,A,Active,Over 40,N,1
2363,45,0,703,13,24,10,6,A,Inactive,30-40,N,0
2364,35,0,1860,63,44,34,32,A,Inactive,30-40,Y,1
2365,36,0,3180,41,7,14,14,A,Inactive,30-40,N,1
2366,36,0,13468,163,0,42,2,A,Active,30-40,N,0
2367,39,0,1745,46,48,24,4,A,Inactive,30-40,N,0
2368,39,1,2513,63,364,26,13,A,Active,30-40,N,0
2369,39,0,650,10,3,13,0,A,Inactive,Under 30,N,0
2370,20,1,2190,33,44,19,9,A,Active,30-40,N,0
2371,41,1,378,8,12,6,3,A,Active,30-40,N,0
2372,33,2,15140,219,46,31,23,A,Active,30-40,N,0
2373,38,0,0,0,0,0,0,A,Inactive,Under 30,N,0
2374,38,1,2920,24,10,18,2,A,Active,30-40,N,0
2375,36,0,0,0,0,0,0,A,Inactive,Under 30,N,0
2376,18,0,1095,16,7,6,0,A,Active,Under 30,N,0
2377,36,2,3390,31,497,21,3,A,Active,30-40,N,0
2378,33,0,4198,60,0,34,8,A,Active,Under 30,N,0
2379,34,0,2153,39,36,32,6,A,Inactive,30-40,Y,1
2380,42,1,4470,87,10,29,7,A,Active,30-40,N,0
2381,37,1,11275,153,2,44,5,A,Active,Over 40,N,0
2382,35,0,2153,38,2,27,9,A,Inactive,30-40,N,1
2383,36,0,1668,25,0,6,1,A,Active,30-40,N,0
2384,33,0,4370,65,0,16,6,A,Active,Under 30,N,0
2385,39,1,3285,27,458,6,9,A,Active,30-40,N,0
2386,39,2,5225,94,10,25,13,A,Active,30-40,N,0
2387,45,3,12030,170,33,55,17,A,Active,Over 40,N,0
2388,37,0,1650,28,260,18,0,A,Active,30-40,N,0
2389,34,0,7813,127,383,44,6,A,Active,Under 30,N,0
2390,40,0,1890,31,15,13,11,A,Inactive,Under 30,N,0
2391,36,0,2333,55,0,31,0,A,Active,Under 30,N,0
2392,35,0,1065,34,17,5,0,A,Inactive,30-40,N,0
2393,34,3,16255,246,11,85,27,A,Active,Under 30,Y,0
2394,33,0,5398,86,0,18,8,A,Active,Under 30,N,1
2395,39,1,3325,36,18,21,8,A,Active,30-40,N,0
2396,38,3,4375,92,53,43,15,A,Active,30-40,N,0
2397,42,3,15095,229,62,36,25,A,Active,30-40,N,0
2398,28,0,1343,35,33,70,0,A,Active,Over 40,N,0
2399,30,1,3225,67,16,24,4,A,Active,30-40,N,0
2400,38,0,5318,85,0,15,2,A,Active,Under 30,N,0
2401,31,0,2068,52,342,18,4,A,Active,Under 30,N,0
2402,23,0,2920,55,1,21,0,A,Active,30-40,N,0
2403,31,0,50,2,0,1,7,A,Inactive,Under 30,N,1
2404,33,0,6185,87,0,7,0,A,Active,Over 40,N,0
2405,43,3,9375,131,159,49,18,A,Active,30-40,N,0
2406,31,0,6240,76,171,20,0,A,Active,30-40,N,0
2407,20,1,1400,22,14,2,5,A,Active,Under 30,N,0
2408,25,0,3225,61,8,23,2,A,Active,30-40,N,0
2409,30,0,2990,35,1,15,7,A,Inactive,Under 30,Y,1
2410,37,1,6500,86,186,26,3,A,Active,30-40,N,0
2411,38,0,2795,26,8,18,1,A,Active,30-40,N,0
2412,39,3,9420,127,151,45,18,A,Active,30-40,N,0
2413,26,0,1200,30,161,7,4,B,Active,Under 30,N,0
2414,38,0,3175,72,11,13,7,A,Active,30-40,N,0
2415,34,0,2758,60,358,25,13,A,Active,Under 30,N,0
2416,39,0,323,7,10,3,0,A,Inactive,Over 40,N,1
2417,22,0,2210,44,0,21,0,A,Active,30-40,N,0
2418,29,0,0,0,0,0,0,A,Inactive,Under 30,N,0
2419,40,1,1748,27,10,10,2,A,Active,Over 40,N,0
2420,37,0,3065,71,7,28,5,A,Active,30-40,N,0
2421,31,0,2295,39,157,16,0,A,Active,Under 30,N,0
2422,32,0,1975,31,268,12,0,A,Active,30-40,N,0
2423,38,1,1973,31,7,8,6,A,Active,Over 40,N,0
2424,40,3,6823,111,35,29,15,A,Active,30-40,N,0
2425,27,0,420,5,3,5,0,A,Inactive,Over 40,N,0
2426,39,2,11770,160,18,49,12,A,Active,Over 40,N,0
2427,37,5,7980,133,286,35,17,B,Active,30-40,N,0
2428,38,0,710,14,13,8,2,A,Inactive,30-40,N,0
2429,39,1,8003,134,400,48,10,A,Active,30-40,N,0
2430,6,0,3970,28,176,4,0,A,Active,Under 30,N,0
2431,30,0,780,14,29,7,0,A,Inactive,Over 40,N,0
2432,31,1,15475,228,0,65,21,A,Active,Under 30,N,0
2433,34,0,755,10,7,4,5,A,Inactive,30-40,N,0
2434,28,0,5253,82,4,16,3,A,Active,Under 30,N,1
2435,25,0,1035,31,10,10,8,A,Active,Under 30,N,0
2436,40,0,305,6,7,2,5,A,Inactive,Under 30,N,0
2437,16,3,3042,46,40,22,10,A,Active,30-40,N,0
2438,33,1,6545,82,178,22,5,A,Active,30-40,N,0
2439,37,3,6660,116,272,32,3,B,Active,Under 30,N,0
2440,31,0,2088,46,0,30,0,A,Active,Under 30,N,0
2441,37,2,9360,124,146,43,15,A,Active,30-40,N,0
2442,37,1,2905,27,508,10,0,A,Active,30-40,N,0
2443,35,0,0,0,0,0,0,A,Inactive,Over 40,N,1
2444,38,2,6313,105,42,29,20,A,Active,Under 30,N,0
2445,37,1,2378,36,8,6,7,A,Active,Over 40,N,0
2446,46,2,4935,87,27,25,18,A,Active,30-40,N,0
2447,38,1,3530,79,30,28,9,A,Active,30-40,N,0
2448,33,0,510,5,0,7,0,A,Inactive,Under 30,N,0
2449,41,0,2418,62,19,22,11,A,Inactive,30-40,N,0
2450,41,2,823,18,22,9,7,A,Active,Over 40,N,0
2451,29,4,16370,242,14,93,24,A,Active,Under 30,N,0
2452,32,1,6595,97,39,24,0,A,Active,Over 40,N,0
2453,32,0,2453,54,351,23,8,A,Active,Under 30,N,0
2454,38,8,10210,89,4,44,17,B,Active,Over 40,N,0
2455,29,2,15770,232,0,78,20,A,Active,Under 30,N,0
2456,40,2,4080,88,39,30,16,A,Active,30-40,N,0
2457,41,0,0,0,8,0,0,A,Inactive,Under 30,N,1
2458,38,0,1585,25,8,11,6,A,Inactive,Under 30,N,0
2459,35,2,6845,100,19,24,6,A,Active,Over 40,N,0
2460,33,0,13773,163,0,43,5,A,Active,30-40,N,0
2461,17,0,8638,167,59,27,13,A,Active,Over 40,N,0
2462,31,0,8730,113,127,37,7,A,Active,30-40,N,0
2463,38,0,4008,65,0,32,8,A,Active,Under 30,N,0
2464,39,10,10855,105,40,48,26,B,Active,Over 40,N,0
2465,14,3,3078,49,28,17,12,A,Active,30-40,N,0
2466,38,1,4515,83,2,25,7,A,Active,30-40,N,0
2467,32,0,1303,16,0,2,0,A,Active,30-40,N,0
2468,29,2,15770,232,0,78,20,A,Active,Under 30,N,0
2469,20,0,3225,55,0,22,0,A,Active,30-40,N,0
2470,35,0,3500,66,0,23,0,A,Active,30-40,N,0
2471,3,0,1228,9,0,1,0,A,Active,Under 30,Y,1
2472,37,1,2895,59,207,27,6,A,Active,Under 30,N,0
2473,28,3,2473,55,58,85,13,A,Active,Over 40,N,0
2474,8,0,777,8,0,7,0,A,Active,30-40,N,1
2475,37,0,15240,179,148,30,7,A,Active,Under 30,N,0
2476,38,0,7103,122,366,45,2,A,Active,30-40,N,0
2477,40,0,1015,17,15,2,11,A,Inactive,30-40,N,1
2478,29,0,1280,36,21,14,0,A,Inactive,30-40,N,0
2479,38,1,1373,21,7,2,5,A,Active,Over 40,N,0
2480,38,0,0,0,4,0,0,A,Inactive,Under 30,N,1
2481,38,0,1993,51,6,17,7,A,Active,30-40,N,0
2482,42,0,1970,56,53,23,10,A,Inactive,Over 40,N,0
2483,36,0,15890,187,151,28,10,A,Active,Under 30,N,0
2484,34,0,3413,76,0,26,0,A,Active,Under 30,N,0
2485,27,0,1443,41,34,71,1,A,Active,Over 40,N,0
2486,35,0,6195,80,179,24,0,A,Active,30-40,N,0
2487,38,0,1638,44,0,2,5,A,Inactive,30-40,N,0
2488,37,0,3295,47,16,18,14,A,Inactive,30-40,Y,1
2489,29,2,2583,56,45,70,15,A,Active,Over 40,N,0
2490,3,0,1182,7,0,4,0,A,Active,Under 30,N,1
2491,33,6,16980,254,28,97,34,B,Active,Under 30,N,0
2492,14,2,4875,54,233,17,9,A,Active,30-40,N,0
2493,18,0,8627,171,74,39,9,A,Active,Over 40,N,0
2494,20,1,2000,32,35,16,7,A,Active,30-40,N,0
2495,21,0,860,23,7,9,2,A,Active,Under 30,N,0
2496,34,0,2840,22,0,14,1,A,Active,30-40,N,0
2497,37,0,15675,183,159,33,11,A,Active,Under 30,N,0
2498,35,0,570,8,0,9,0,A,Inactive,Under 30,N,0
2499,44,1,4630,81,20,23,13,A,Active,30-40,N,0
2500,40,0,1260,59,31,20,30,A,Inactive,30-40,Y,1
2501,33,3,15850,234,3,82,21,A,Active,Under 30,N,0
2502,39,0,0,0,0,0,0,A,Inactive,Under 30,N,1
2503,36,0,6008,64,83,37,2,A,Active,Under 30,N,0
2504,38,0,2573,50,41,33,14,A,Inactive,Over 40,Y,1
2505,31,0,1783,30,16,24,2,A,Inactive,30-40,N,1
2506,32,4,7260,120,285,46,5,B,Active,Under 30,N,0
2507,12,0,1310,18,11,8,0,A,Active,Under 30,N,0
2508,16,0,1635,23,23,12,0,A,Active,Under 30,N,0
2509,30,1,3710,75,26,30,9,A,Active,30-40,N,0
2510,40,1,2855,46,301,23,11,A,Active,30-40,N,0
2511,38,0,4125,68,3,17,6,A,Active,Under 30,N,0
2512,8,1,4200,40,240,12,0,A,Active,30-40,N,0
2513,34,1,4013,86,16,41,1,A,Active,Under 30,N,0
2514,38,1,4020,85,34,28,13,A,Active,30-40,N,0
2515,40,2,3210,32,481,7,7,A,Active,30-40,N,0
2516,37,0,3295,47,16,18,14,A,Inactive,30-40,Y,1
2517,35,0,2665,47,143,19,6,A,Active,Under 30,N,0
2518,25,0,3225,61,8,23,2,A,Active,30-40,N,0
2519,41,2,6338,107,46,18,11,A,Active,30-40,N,0
2520,35,0,2148,54,352,22,5,A,Active,Under 30,N,0
2521,13,1,6438,137,77,38,16,B,Active,Under 30,N,0
2522,19,5,3867,62,46,21,19,A,Active,30-40,N,0
2523,32,0,3390,74,15,22,5,A,Active,Under 30,N,0
2524,17,3,4955,56,237,18,12,A,Active,30-40,N,0
2525,42,2,2758,67,14,37,11,A,Active,Under 30,N,0
2526,32,0,700,31,18,8,13,A,Inactive,30-40,N,0
2527,35,1,4335,75,0,20,5,A,Active,30-40,N,0
2528,35,0,6603,70,110,38,5,A,Active,Under 30,N,0
2529,43,1,4855,85,23,24,15,A,Active,30-40,N,0
2530,29,0,0,0,0,0,0,A,Inactive,Under 30,N,1
2531,31,0,895,44,11,15,20,A,Inactive,Under 30,N,1
2532,3,0,0,0,0,0,0,A,Active,Under 30,N,1
2533,35,0,1100,18,7,9,5,A,Inactive,Under 30,N,0
2534,40,4,15255,230,52,31,28,A,Active,30-40,N,0
2535,15,2,4650,50,230,16,7,A,Active,30-40,N,0
2536,38,2,833,11,20,7,7,A,Active,Over 40,N,0
2537,34,0,1173,18,0,1,0,A,Active,30-40,N,0
2538,27,0,455,22,8,7,9,A,Active,Under 30,N,0
2539,32,0,6670,91,0,18,3,A,Active,Over 40,N,0
2540,39,0,6205,82,172,13,5,A,Active,30-40,N,0
2541,28,0,1190,38,197,14,1,B,Active,Under 30,N,0
2542,19,0,1290,21,10,16,1,A,Active,Under 30,N,0
2543,35,0,2148,54,352,22,5,A,Active,Under 30,N,0
2544,19,0,840,24,2,7,4,A,Active,Under 30,N,0
2545,37,1,4323,64,7,32,13,A,Active,Under 30,N,0
2546,37,0,14885,172,129,15,5,A,Active,Under 30,N,0
2547,40,2,498,11,12,6,8,A,Active,30-40,N,1
2548,36,0,2268,44,34,31,9,A,Inactive,30-40,N,1
2549,26,0,1568,39,30,68,4,A,Active,Over 40,N,0
2550,27,3,1915,46,214,26,8,B,Active,Under 30,N,0
2551,43,2,3580,41,501,15,11,A,Active,30-40,N,0
2552,40,2,16500,199,165,32,20,A,Active,Under 30,N,0
2553,34,0,2595,19,0,14,0,A,Active,30-40,N,0
2554,36,0,2615,18,3,16,0,A,Active,30-40,N,0
2555,32,0,6075,86,0,22,0,A,Active,Over 40,N,0
2556,34,0,1005,37,25,10,18,A,Inactive,30-40,N,0
2557,28,2,4240,78,23,25,13,A,Active,30-40,N,0
2558,33,0,2685,35,2,14,4,A,Inactive,Under 30,Y,1
2559,39,4,15255,231,86,36,25,A,Active,30-40,N,0
2560,24,1,3350,59,7,20,5,A,Active,30-40,N,0
2561,40,3,5275,87,33,34,17,A,Active,30-40,N,0
2562,41,3,5530,100,17,27,18,A,Active,Over 40,N,0
2563,41,1,4695,91,13,30,9,A,Active,30-40,N,0
2564,35,0,1260,53,23,19,28,A,Inactive,30-40,Y,1
2565,35,0,1818,42,0,11,4,A,Inactive,30-40,N,0
2566,34,0,2475,47,168,21,1,A,Active,Under 30,N,0
2567,37,1,6500,86,186,26,3,A,Active,30-40,N,0
2568,24,0,1035,32,44,15,5,A,Active,Under 30,N,0
2569,34,0,830,49,20,20,20,A,Inactive,Under 30,Y,1
2570,40,0,570,14,1,10,0,A,Inactive,Under 30,N,0
2571,29,0,1005,31,17,9,16,A,Inactive,30-40,N,0
2572,26,0,1568,39,30,68,4,A,Active,Over 40,N,0
2573,30,1,1710,46,37,20,17,A,Active,Under 30,N,0
2574,34,5,17090,255,15,82,36,B,Active,Under 30,N,0
2575,39,2,11580,159,9,46,10,A,Active,Over 40,N,0
2576,35,0,3008,71,0,28,0,A,Active,Under 30,N,0
2577,32,0,3813,58,0,29,4,A,Active,Under 30,N,0
2578,41,2,11545,156,21,51,8,A,Active,Over 40,N,0
2579,38,0,305,6,7,2,5,A,Inactive,30-40,Y,1
2580,36,0,3703,59,0,30,3,A,Active,Under 30,N,0
2581,25,0,1973,44,31,66,5,A,Active,Over 40,N,0
2582,43,3,643,16,19,5,7,A,Active,Over 40,N,0
2583,38,2,6518,105,28,27,10,A,Active,30-40,N,0
2584,40,0,1943,50,7,4,10,A,Inactive,30-40,N,0
2585,15,1,6618,145,82,40,20,B,Active,Under 30,N,0
2586,42,0,2528,54,49,37,14,A,Inactive,Over 40,Y,1
2587,38,0,6108,96,16,15,8,A,Active,30-40,N,0
2588,43,1,15745,192,165,36,14,A,Active,Under 30,N,0
2589,34,3,6965,116,271,33,6,B,Active,Under 30,N,0
2590,42,1,3978,92,17,34,7,A,Active,30-40,N,0
2591,32,0,6060,100,243,16,0,B,Active,Under 30,N,0
2592,33,1,2498,56,351,20,10,A,Active,30-40,N,0
2593,9,1,1297,18,0,4,1,A,Active,30-40,N,1
2594,33,0,760,28,10,3,0,A,Inactive,30-40,N,0
2595,27,0,945,28,12,7,13,A,Inactive,30-40,N,0
2596,36,2,14835,219,47,30,20,A,Active,30-40,N,0
2597,36,0,13468,163,0,42,2,A,Active,30-40,N,0
2598,21,0,440,15,0,1,6,A,Inactive,Under 30,N,0
2599,32,0,3985,63,0,11,2,A,Active,Under 30,N,0
2600,28,1,1505,36,168,9,9,B,Active,Under 30,N,0
2601,35,0,10560,138,0,30,0,A,Active,30-40,N,0
2602,36,0,2535,50,173,23,4,A,Active,Under 30,N,0
2603,34,0,323,1,2,2,0,A,Inactive,Over 40,N,1
2604,35,2,7090,103,21,24,8,A,Active,Over 40,N,0
2605,32,0,5658,85,0,6,1,A,Active,Under 30,N,0
2606,32,7,10355,91,0,38,20,A,Active,Over 40,N,0
2607,12,0,5908,127,67,35,9,B,Active,Under 30,N,0
2608,43,1,4370,77,13,18,10,A,Active,30-40,N,0
2609,36,0,595,9,15,9,0,A,Inactive,Under 30,N,0
2610,38,0,2550,40,294,21,6,A,Active,30-40,N,0
2611,3,0,1103,11,0,1,0,A,Active,Under 30,N,1
2612,13,0,8437,164,57,35,5,A,Active,Over 40,N,0
2613,46,3,4340,98,54,36,21,A,Active,30-40,N,0
2614,40,0,3903,62,7,22,11,A,Active,Under 30,N,0
2615,17,0,660,16,0,5,0,A,Active,Under 30,N,0
2616,38,9,10740,99,8,44,26,B,Active,Over 40,N,0
2617,35,0,0,0,0,0,0,A,Inactive,Under 30,N,1
2618,28,0,2455,14,0,8,0,A,Active,30-40,N,0
2619,15,3,4775,48,232,16,8,A,Active,30-40,N,0
2620,41,0,2540,47,296,23,6,A,Active,30-40,N,0
2621,17,1,1820,24,24,11,5,A,Active,30-40,N,0
2622,37,1,3500,32,484,6,5,A,Active,30-40,N,0
2623,31,3,16075,238,0,80,25,A,Active,Under 30,Y,0
2624,35,0,3950,59,0,11,3,A,Active,Under 30,N,0
2625,32,0,2700,51,165,19,5,A,Active,Under 30,N,0
2626,40,1,3798,84,12,32,3,A,Active,30-40,N,0
2627,36,1,6063,101,28,24,15,A,Active,Under 30,N,0
2628,33,0,2360,33,277,17,2,A,Active,30-40,N,0
2629,37,0,258,2,2,2,0,A,Inactive,Under 30,N,0
2630,28,0,1273,35,16,55,5,A,Active,Over 40,N,0
2631,19,0,965,22,4,7,5,A,Active,Under 30,N,0
2632,40,0,1055,22,11,16,2,A,Inactive,Under 30,N,0
2633,37,1,4495,69,7,14,11,A,Active,30-40,N,0
2634,10,1,4580,40,190,8,7,A,Active,30-40,N,0
2635,37,0,2765,37,12,18,5,A,Inactive,Under 30,Y,1
2636,14,0,5377,124,53,40,5,B,Active,Under 30,N,0
2637,34,3,6720,113,269,33,4,B,Active,Under 30,N,0
2638,35,0,7013,120,368,38,0,A,Active,Under 30,N,0
2639,34,2,633,8,18,15,0,A,Active,Over 40,N,0
2640,38,0,955,53,24,18,25,A,Inactive,30-40,Y,1
2641,31,2,1065,34,22,11,19,A,Active,30-40,N,0
2642,33,0,4515,77,0,24,5,A,Active,30-40,N,0
2643,36,0,4310,68,0,15,5,A,Active,Under 30,N,0
2644,22,0,1045,24,8,8,8,A,Active,Under 30,N,0
2645,39,0,7213,123,370,30,5,A,Active,30-40,N,0
2646,23,1,1450,36,16,11,14,A,Active,Under 30,N,0
2647,38,0,5918,95,7,12,6,A,Active,30-40,N,0
2648,39,2,4733,99,17,30,13,A,Active,30-40,N,0
2649,34,2,3440,32,21,29,5,A,Active,30-40,N,0
2650,33,0,2650,22,25,16,0,A,Active,30-40,N,0
2651,42,2,6078,108,41,30,18,A,Active,Under 30,N,0
2652,35,0,2675,15,444,2,0,A,Active,30-40,N,0
2653,27,0,6525,87,0,16,0,A,Active,Over 40,N,0
2654,30,1,1648,41,40,72,5,A,Active,Over 40,N,0
2655,43,0,398,7,17,8,1,A,Inactive,30-40,Y,1
2656,38,1,2638,61,7,33,5,A,Active,Under 30,N,0
2657,38,3,15330,226,63,35,27,A,Active,30-40,N,0
2658,36,0,1455,23,257,1,0,A,Active,30-40,N,0
2659,33,0,1973,25,0,7,4,A,Active,30-40,N,0
2660,37,0,4603,71,2,33,11,A,Active,Under 30,N,0
2661,34,0,2313,56,0,29,2,A,Active,Under 30,N,0
2662,35,1,2748,64,373,37,9,A,Active,Under 30,N,0
2663,27,1,1720,39,35,18,17,A,Active,Under 30,N,0
2664,34,0,955,33,13,20,0,A,Inactive,30-40,N,0
2665,29,0,5513,86,11,21,6,A,Active,Under 30,N,1
2666,37,1,1783,31,32,10,1,A,Active,Over 40,N,0
2667,8,1,4795,45,216,8,3,A,Active,30-40,N,0
2668,38,2,5878,101,31,26,16,A,Active,Under 30,N,0
2669,36,0,628,7,9,4,0,A,Inactive,Over 40,Y,1
2670,15,3,1873,27,17,13,9,A,Active,30-40,Y,1
2671,37,0,190,1,9,3,2,A,Inactive,Under 30,N,1
2672,34,0,6493,110,352,41,0,A,Active,Under 30,N,0
2673,34,1,6365,106,250,18,2,B,Active,Under 30,N,0
2674,33,4,7090,114,267,30,9,B,Active,30-40,N,0
2675,41,0,623,11,14,6,5,A,Inactive,30-40,N,0
2676,41,0,830,18,8,15,0,A,Inactive,Under 30,N,0
2677,19,3,3033,53,42,24,10,A,Active,30-40,N,0
2678,34,0,11045,142,0,41,2,A,Active,30-40,N,0
2679,31,0,0,0,0,0,0,A,Active,30-40,N,0
2680,24,1,1793,43,27,66,8,A,Active,Over 40,N,0
2681,27,0,570,39,0,11,17,A,Inactive,Under 30,N,1
2682,40,1,14078,175,7,46,12,A,Active,30-40,N,0
2683,36,3,6740,112,274,35,2,B,Active,Under 30,N,0
2684,34,0,0,0,0,0,0,A,Inactive,30-40,N,1
2685,31,0,6725,94,9,20,0,A,Active,Over 40,N,0
2686,38,7,10140,89,7,29,22,A,Active,Over 40,N,0
2687,24,0,3630,66,9,21,3,A,Active,30-40,N,0
2688,36,0,2865,43,13,19,6,A,Inactive,Under 30,Y,1
2689,41,0,623,11,14,6,5,A,Inactive,30-40,N,0
2690,42,1,4278,68,11,39,11,A,Active,Under 30,N,0
2691,33,4,16380,244,7,82,30,B,Active,Under 30,N,0
2692,37,0,5803,89,0,8,6,A,Active,Under 30,N,0
2693,32,0,0,0,0,0,0,A,Inactive,Under 30,N,0
2694,28,2,2240,49,34,15,21,A,Active,Under 30,N,0
2695,14,1,6213,133,74,37,14,B,Active,Under 30,N,0
2696,36,6,9835,83,0,27,17,A,Active,Over 40,N,0
2697,27,0,715,26,172,1,0,B,Active,Under 30,N,0
2698,42,1,7508,133,392,44,5,A,Active,30-40,N,0
2699,43,4,15625,239,72,39,32,A,Active,30-40,N,0
2700,39,0,6108,95,7,10,11,A,Active,Under 30,N,0
2701,36,1,3320,31,480,6,8,A,Active,30-40,N,0
2702,41,2,5818,104,34,25,15,A,Active,30-40,N,0
2703,32,0,450,4,0,2,0,A,Inactive,Under 30,N,0
2704,44,2,2745,47,302,24,10,A,Active,Over 40,N,0
2705,32,2,14880,215,39,26,20,A,Active,30-40,N,0
2706,31,0,1300,35,26,16,0,A,Inactive,30-40,N,0
2707,37,0,1970,50,45,22,8,A,Inactive,30-40,N,0
2708,24,0,3110,55,0,19,2,A,Active,30-40,N,0
2709,36,1,5818,98,26,24,13,A,Active,Under 30,N,1
2710,14,2,2793,42,26,17,5,A,Active,30-40,N,0
2711,36,0,1933,48,1,15,4,A,Inactive,30-40,N,0
2712,42,0,1333,22,22,6,11,A,Inactive,30-40,N,0
2713,40,1,11645,162,22,52,9,A,Active,Over 40,N,0
2714,36,0,215,7,0,3,0,A,Inactive,Under 30,N,0
2715,37,0,1440,40,41,22,0,A,Inactive,30-40,N,0
2716,38,5,16380,250,15,83,32,B,Active,Under 30,N,0
2717,34,8,10660,97,7,40,25,A,Active,Over 40,N,0
2718,34,0,5838,93,0,8,5,A,Active,Under 30,N,0
2719,37,0,1338,18,17,4,6,A,Inactive,Over 40,Y,1
2720,6,0,1068,7,0,1,0,A,Active,Under 30,Y,1
2721,44,1,2653,68,17,39,8,A,Active,Under 30,N,0
2722,41,5,15560,237,93,38,30,A,Active,30-40,N,0
2723,43,2,683,14,19,8,8,A,Active,30-40,N,0
2724,40,1,2800,23,469,9,5,A,Active,30-40,N,0
2725,27,1,3720,68,24,28,9,A,Active,30-40,N,0
2726,29,6,10130,81,0,39,14,A,Active,Over 40,N,0
2727,36,0,3660,77,34,29,8,A,Active,Under 30,N,0
2728,39,1,2690,22,465,10,3,A,Active,30-40,N,0
2729,39,2,3210,33,515,12,4,A,Active,Over 40,N,0
2730,28,0,470,33,0,10,16,A,Inactive,Under 30,N,1
2731,23,0,0,0,0,0,0,A,Active,Under 30,N,0
2732,40,4,15445,231,61,34,30,A,Active,30-40,N,0
2733,44,2,2778,66,19,39,9,A,Active,Under 30,N,0
2734,36,0,685,14,25,13,0,A,Inactive,Under 30,N,0
2735,39,1,3103,69,10,33,9,A,Active,Under 30,N,0
2736,38,1,4705,84,11,28,9,A,Active,30-40,N,0
2737,41,1,3265,67,193,30,13,A,Active,Under 30,N,0
2738,37,1,3833,88,34,32,2,A,Active,30-40,N,0
2739,40,0,708,9,19,8,1,A,Inactive,Over 40,Y,1
2740,31,0,6115,78,169,20,0,A,Active,30-40,N,0
2741,27,1,1315,36,193,11,4,B,Active,Under 30,Y,1
2742,39,0,508,6,16,7,2,A,Inactive,Under 30,N,0
2743,38,0,520,13,4,5,0,A,Inactive,30-40,N,0
2744,36,0,2245,34,287,19,1,A,Active,30-40,N,0
2745,28,1,1873,45,37,70,9,A,Active,Over 40,N,0
2746,35,7,9725,82,0,42,15,A,Active,Over 40,N,0
2747,42,2,7203,89,126,44,15,A,Active,Under 30,N,0
2748,34,0,0,0,0,0,0,A,Inactive,30-40,N,1
2749,37,3,14950,225,79,34,20,A,Active,30-40,N,0
2750,35,0,1973,46,0,27,0,A,Active,Under 30,N,0
2751,35,8,10245,93,26,44,16,B,Active,Over 40,N,0
2752,34,0,15790,182,149,31,12,A,Active,Under 30,N,0
2753,14,2,2547,39,24,17,3,A,Active,30-40,N,0
2754,36,2,2268,35,21,21,5,A,Active,Over 40,N,0
2755,34,0,0,0,0,0,0,A,Active,Over 40,N,0
2756,25,1,1470,35,21,13,12,A,Active,Under 30,N,0
2757,37,0,3908,82,7,26,7,A,Active,Under 30,N,0
2758,44,5,15525,233,71,38,31,A,Active,30-40,N,0
2759,34,2,15060,223,44,28,24,A,Active,30-40,N,0
2760,14,2,4390,46,223,11,4,A,Active,30-40,N,0
2761,31,0,6458,65,93,31,3,A,Active,Under 30,N,0
2762,38,0,3770,61,0,2,4,A,Active,Under 30,N,0
2763,43,1,6403,109,25,19,13,A,Active,30-40,N,0
2764,39,0,918,15,28,19,4,A,Inactive,30-40,N,0
2765,35,0,0,0,0,0,0,A,Inactive,Under 30,N,0
2766,32,2,6470,109,255,28,0,B,Active,Under 30,N,0
2767,29,0,2355,8,0,7,0,A,Active,30-40,N,0
2768,21,0,1055,26,178,5,0,B,Active,Under 30,N,0
2769,42,5,7530,132,293,41,16,B,Active,30-40,Y,0
2770,38,9,10740,99,8,44,26,A,Active,Over 40,N,0
2771,35,0,730,43,19,19,19,A,Inactive,Under 30,N,1
2772,40,0,825,19,11,7,5,A,Inactive,30-40,N,0
2773,25,0,1453,33,0,64,4,A,Active,Over 40,N,0
2774,44,2,15790,194,165,33,16,A,Active,30-40,N,0
2775,45,3,7283,91,130,45,18,A,Active,Under 30,N,0
2776,37,0,14178,174,1,42,8,A,Active,30-40,N,0
2777,42,2,4735,80,17,21,16,A,Active,30-40,N,0
2778,35,0,1345,22,253,16,0,A,Active,30-40,N,0
2779,25,0,1225,32,19,13,10,A,Active,Under 30,N,0
2780,9,1,1487,19,0,7,3,A,Active,30-40,Y,1
2781,35,0,15425,179,145,28,6,A,Active,Under 30,N,0
2782,35,0,4123,87,3,26,3,A,Active,Under 30,N,0
2783,32,1,305,6,7,2,5,A,Active,30-40,N,0
2784,37,0,275,4,0,1,0,A,Inactive,Under 30,N,0
2785,44,2,6303,103,24,18,12,A,Active,30-40,N,0
2786,19,0,520,4,6,2,0,A,Inactive,Over 40,N,0
2787,40,1,2698,64,9,35,8,A,Active,Under 30,N,0
2788,40,1,2698,64,9,35,8,A,Active,Under 30,N,0
2789,39,0,1340,55,33,23,29,A,Inactive,30-40,Y,1
2790,18,0,1695,26,28,14,2,A,Active,Under 30,N,0
2791,32,0,2345,15,0,9,0,A,Active,30-40,N,0
2792,33,0,0,0,0,0,0,A,Active,Over 40,N,0
2793,36,0,4138,63,0,33,7,A,Active,Under 30,N,0
2794,43,1,4198,72,9,36,12,A,Active,Under 30,N,0
2795,34,0,3413,76,0,26,0,A,Active,Under 30,N,0
2796,34,0,2033,48,320,18,5,A,Active,Under 30,N,0
2797,34,0,4118,64,0,31,9,A,Active,Under 30,N,0
2798,23,0,1388,31,19,63,2,A,Active,Over 40,N,0
2799,29,0,0,0,0,0,0,A,Active,Over 40,N,0
2800,32,1,14755,217,37,26,19,A,Active,30-40,N,0
2801,38,1,4615,74,7,17,10,A,Active,30-40,N,0
2802,44,2,4775,93,17,31,12,A,Active,30-40,N,0
2803,36,10,11035,103,22,57,25,B,Active,Over 40,N,0
2804,6,1,1792,19,0,8,6,A,Active,30-40,N,1
2805,38,2,7428,86,116,37,14,A,Active,Under 30,N,0
2806,40,2,2873,72,398,30,15,A,Active,30-40,N,0
2807,36,0,5790,75,161,26,0,A,Active,30-40,N,0
2808,37,0,685,13,0,8,0,A,Inactive,Under 30,N,0
2809,17,1,6638,144,87,42,18,B,Active,Under 30,N,0
2810,30,0,0,0,0,0,0,A,Active,Over 40,N,0
2811,36,1,2955,27,0,13,4,A,Active,30-40,N,0
2812,33,0,2495,34,0,11,2,A,Inactive,Under 30,Y,1
2813,37,2,3053,70,380,39,14,A,Active,30-40,N,0
2814,35,0,6440,83,181,24,0,A,Active,30-40,N,0
2815,34,0,13408,160,0,40,0,A,Active,30-40,N,0
2816,38,0,1310,24,34,23,6,A,Inactive,30-40,N,0
2817,35,0,290,2,0,2,0,A,Inactive,Under 30,N,0
2818,34,1,11285,146,0,42,5,A,Active,Over 40,N,0
2819,36,0,2178,51,3,15,6,A,Inactive,30-40,Y,0
2820,7,0,3485,24,187,21,0,A,Active,30-40,N,0
2821,38,2,643,10,11,4,5,A,Active,Over 40,N,0
2822,38,2,6123,104,33,26,18,A,Active,Under 30,N,0
2823,37,0,0,0,0,0,0,A,Inactive,Under 30,N,1
2824,18,0,1450,23,26,14,0,A,Active,Under 30,N,0
2825,34,1,4243,62,7,31,10,A,Active,Under 30,N,0
2826,26,2,2260,42,50,22,12,A,Active,30-40,N,0
2827,33,6,10015,81,0,36,16,A,Active,Over 40,N,0
2828,30,0,0,0,0,0,0,A,Active,30-40,N,0
2829,23,0,2320,45,0,6,0,A,Active,30-40,N,0
2830,39,2,11525,157,16,49,10,B,Active,Over 40,N,0
2831,33,2,6255,105,246,33,0,B,Active,Under 30,N,0
2832,39,0,13368,164,0,46,6,A,Active,30-40,N,0
2833,31,1,14835,213,39,29,18,A,Active,Under 30,N,0
2834,33,4,16380,244,7,82,30,B,Active,Under 30,N,0
2835,42,0,875,20,8,12,2,A,Inactive,Under 30,N,0
2836,17,3,3043,45,7,17,13,A,Active,30-40,N,0
2837,34,0,5513,92,19,22,8,A,Active,Under 30,Y,1
2838,44,2,4035,92,47,34,16,A,Active,30-40,N,0
2839,29,0,520,10,22,2,0,A,Inactive,Over 40,N,0
2840,33,0,2610,13,465,1,0,A,Active,30-40,N,0
2841,39,0,2113,56,12,20,6,A,Inactive,30-40,N,0
2842,35,0,7203,121,377,41,0,A,Active,Under 30,N,0
2843,32,2,1315,42,201,12,6,B,Active,30-40,Y,1
2844,41,1,11420,158,19,51,7,A,Active,Over 40,N,0
2845,34,0,0,0,0,0,0,A,Active,Over 40,N,0
2846,27,0,1535,21,29,3,6,A,Inactive,Over 40,N,0
2847,43,0,933,19,24,7,7,A,Inactive,Over 40,N,1
2848,33,0,7143,118,372,39,0,A,Active,Under 30,N,0
2849,12,3,4810,52,254,16,7,A,Active,30-40,N,0
2850,37,0,248,8,32,6,0,A,Inactive,30-40,N,1
2851,23,0,2920,55,1,21,0,A,Active,30-40,N,0
2852,24,1,1350,30,15,10,13,A,Active,Under 30,N,0
2853,13,1,2433,33,0,13,3,A,Active,30-40,N,0
2854,45,2,2698,70,17,36,10,A,Active,Under 30,N,0
2855,34,0,513,2,11,5,0,A,Inactive,Over 40,N,1
2856,40,4,9535,133,183,49,18,A,Active,30-40,N,0
2857,39,4,6965,122,279,34,8,B,Active,30-40,N,0
2858,35,0,0,0,0,0,0,A,Inactive,Under 30,Y,1
2859,36,0,5858,92,2,10,3,A,Active,Under 30,N,0
2860,30,0,3633,50,0,27,0,A,Active,Under 30,N,0
2861,40,3,12480,171,26,49,18,A,Active,Over 40,N,0
2862,37,0,0,0,0,0,0,A,Inactive,Under 30,N,1
2863,31,3,6785,108,260,28,4,B,Active,Under 30,N,0
2864,38,2,398,7,9,4,3,A,Active,Over 40,N,0
2865,42,4,15220,227,64,36,26,B,Active,30-40,N,0
2866,32,0,0,0,0,0,0,A,Inactive,Under 30,N,1
2867,26,0,2275,6,0,6,0,A,Active,30-40,N,0
2868,31,1,5950,99,239,31,0,B,Active,Under 30,N,0
2869,12,3,2502,36,15,9,14,A,Active,30-40,Y,1
2870,26,0,2820,56,0,25,1,A,Active,30-40,N,0
2871,39,2,2683,42,15,8,12,A,Active,Over 40,N,0
2872,31,0,338,5,0,1,0,A,Active,Over 40,N,0
2873,33,0,0,0,0,0,0,A,Inactive,Under 30,N,0
2874,11,2,2852,39,23,18,6,A,Active,30-40,N,0
2875,37,0,1035,49,26,21,24,A,Inactive,30-40,Y,1
2876,36,1,3335,29,16,19,8,A,Active,30-40,N,0
2877,38,1,11655,154,7,45,12,A,Active,30-40,N,0
2878,27,3,4130,77,36,40,11,A,Active,30-40,N,0
2879,38,0,2360,39,285,18,4,A,Active,30-40,N,0
2880,17,1,6392,141,85,42,16,B,Active,Under 30,N,0
2881,35,1,148,4,29,4,0,A,Active,Over 40,N,0
2882,37,0,0,0,0,0,0,A,Inactive,Under 30,N,1
2883,20,1,1810,31,26,13,5,A,Active,30-40,N,0
2884,27,1,3530,67,15,25,7,A,Active,30-40,N,0
2885,14,2,2737,40,33,20,5,A,Active,30-40,N,0
2886,35,0,1558,33,9,31,3,A,Inactive,30-40,N,1
2887,30,0,0,0,0,0,0,A,Inactive,Under 30,N,0
2888,10,2,5100,51,223,10,8,A,Active,30-40,N,0
2889,41,1,6455,90,194,30,3,A,Active,30-40,N,0
2890,17,3,2053,35,22,15,13,A,Active,30-40,N,1
2891,42,3,6203,106,43,30,19,A,Active,30-40,N,0
2892,34,0,568,4,4,2,0,A,Inactive,Over 40,N,1
2893,47,0,883,21,29,12,10,A,Inactive,30-40,N,0
2894,35,0,0,0,0,0,0,A,Active,Over 40,N,0
2895,39,1,6628,106,15,12,12,A,Active,30-40,N,0
2896,37,2,15025,219,22,28,25,A,Active,30-40,N,0
2897,39,0,1420,25,21,8,8,A,Inactive,30-40,N,0
2898,38,0,710,14,13,8,2,A,Inactive,30-40,N,0
2899,24,0,1263,33,23,66,0,A,Active,Over 40,N,0
2900,33,1,2965,20,7,11,5,A,Active,30-40,N,0
2901,36,0,4210,77,0,23,2,A,Active,30-40,N,0
2902,15,0,8932,171,73,40,12,A,Active,Over 40,N,0
2903,24,0,520,17,0,2,9,A,Inactive,Under 30,N,0
2904,34,0,2813,66,0,11,0,A,Active,Under 30,N,0
2905,38,0,13528,166,0,44,5,A,Active,30-40,N,0
2906,39,2,11770,160,18,49,12,A,Active,Over 40,N,0
2907,23,1,3450,65,7,21,6,A,Active,30-40,N,0
2908,38,0,933,13,16,6,5,A,Inactive,Over 40,N,1
2909,37,2,3220,25,479,5,7,A,Active,30-40,N,0
2910,6,1,1308,11,0,2,1,A,Active,30-40,N,1
2911,35,1,2678,64,356,22,14,A,Active,30-40,N,0
2912,24,0,0,0,5,0,0,A,Inactive,Over 40,N,0
2913,39,3,3358,76,387,41,19,A,Active,30-40,N,0
2914,33,0,2130,11,0,14,0,A,Active,30-40,N,0
2915,7,0,4085,34,208,8,0,A,Active,30-40,N,0
2916,36,0,3035,24,478,6,1,A,Active,30-40,N,0
2917,36,0,0,0,0,0,0,A,Inactive,Over 40,N,1
2918,38,0,5523,94,12,11,14,A,Active,Under 30,N,1
2919,27,0,1100,28,16,12,0,A,Inactive,30-40,N,0
2920,15,2,6688,145,99,55,15,B,Active,Under 30,N,0
2921,28,0,3405,69,19,28,4,A,Active,30-40,N,0
2922,31,0,2790,15,468,5,0,A,Active,30-40,N,0
2923,37,0,305,6,7,2,5,A,Inactive,Under 30,N,1
2924,39,3,9610,128,160,48,20,A,Active,30-40,N,0
2925,34,0,6660,99,18,25,0,A,Active,Over 40,N,0
2926,24,0,1263,33,23,66,0,A,Active,Over 40,N,0
2927,44,3,6805,98,201,29,10,A,Active,Over 40,N,0
2928,16,0,5682,130,60,42,10,B,Active,Under 30,N,0
2929,44,3,6383,114,48,32,23,A,Active,30-40,N,0
2930,35,0,1940,27,246,12,0,A,Active,30-40,N,0
2931,37,9,11145,104,9,42,27,B,Active,Over 40,N,0
2932,38,2,9305,121,119,41,18,A,Active,30-40,N,0
2933,16,5,3453,55,52,34,12,A,Active,30-40,N,0
2934,34,0,4290,69,0,13,7,A,Active,Under 30,N,0
2935,20,5,3218,54,43,23,16,B,Active,30-40,N,0
2936,34,0,1550,38,6,16,3,A,Inactive,30-40,N,0
2937,33,0,1360,38,31,18,0,A,Inactive,30-40,N,0
2938,36,1,338,4,4,2,0,A,Active,Over 40,N,0
2939,37,0,0,0,0,0,0,A,Inactive,Under 30,N,1
2940,18,0,1505,25,19,11,0,A,Active,Under 30,N,0
2941,32,0,15000,168,132,23,2,A,Active,Under 30,N,0
2942,36,0,3293,50,0,18,1,A,Active,Under 30,N,0
2943,35,0,12758,152,0,42,0,A,Active,30-40,N,0
2944,39,0,318,5,7,4,0,A,Inactive,Under 30,N,0
2945,35,0,2265,54,59,35,7,A,Inactive,30-40,Y,1
2946,34,1,3943,86,7,26,6,A,Active,30-40,N,0
2947,36,0,873,10,11,4,5,A,Inactive,Over 40,N,1
2948,35,1,2955,28,32,18,1,A,Active,30-40,N,0
2949,39,1,60,3,5,2,3,A,Active,Under 30,Y,1
2950,33,0,2238,48,0,16,7,A,Inactive,30-40,Y,0
2951,22,0,210,15,0,11,0,A,Active,Under 30,N,0
2952,43,2,3775,88,40,29,13,A,Active,30-40,N,0
2953,39,1,7568,130,389,45,6,A,Active,30-40,N,0
2954,34,0,1475,44,63,22,0,A,Inactive,30-40,N,0
2955,28,1,885,13,26,5,3,A,Active,Over 40,N,0
2956,31,0,490,6,0,5,0,A,Inactive,Under 30,N,0
2957,27,3,2130,48,47,30,19,A,Active,Under 30,N,0
2958,38,1,6690,86,161,24,8,A,Active,30-40,N,0
2959,24,0,305,6,18,2,5,A,Inactive,Over 40,N,0
2960,35,0,6490,93,7,9,5,A,Active,Over 40,N,0
2961,36,0,7913,132,385,41,4,A,Active,Under 30,N,0
2962,40,0,7688,135,395,48,5,A,Active,Under 30,N,0
2963,31,1,6545,104,232,27,1,B,Active,Under 30,N,0
2964,43,1,2393,64,10,34,5,A,Active,Under 30,N,0
2965,37,1,1725,47,43,22,6,A,Active,30-40,N,0
2966,42,0,1360,28,18,18,7,A,Inactive,Under 30,N,0
2967,16,1,1920,30,25,12,6,A,Active,Under 30,N,0
2968,23,3,6778,149,102,48,22,B,Active,Under 30,N,0
2969,37,0,1475,24,21,26,4,A,Inactive,Under 30,N,0
2970,38,1,1783,30,0,5,4,A,Active,Over 40,N,0
2971,29,0,14920,166,128,22,0,A,Active,Under 30,N,0
2972,12,0,7917,154,41,38,1,A,Active,Over 40,N,0
2973,41,2,9070,125,152,47,13,A,Active,30-40,N,0
2974,34,0,2475,47,168,21,1,A,Active,Under 30,N,0
2975,33,0,4030,69,0,18,0,A,Active,30-40,N,0
2976,22,4,3113,55,46,25,13,A,Active,30-40,N,0
2977,39,0,1370,21,16,16,7,A,Inactive,Under 30,N,0
2978,15,0,1275,14,0,8,0,A,Active,Under 30,N,0
2979,23,0,0,0,10,0,0,A,Inactive,Over 40,N,0
2980,33,3,7370,121,272,31,7,B,Active,Under 30,N,0
2981,23,0,1873,39,29,69,7,A,Active,Over 40,N,0
2982,37,2,9305,122,153,46,15,A,Active,30-40,N,0
2983,17,1,6393,141,85,42,16,B,Active,Under 30,N,0
2984,41,0,15440,186,158,34,9,A,Active,Under 30,N,0
2985,24,0,1453,34,32,69,1,A,Active,Over 40,N,0
2986,30,0,2530,11,461,7,0,A,Active,30-40,N,0
2987,42,0,5873,99,15,16,6,A,Active,30-40,N,0
2988,15,0,680,9,0,12,0,A,Active,Under 30,N,0
2989,32,0,10980,140,0,40,0,A,Active,30-40,N,0
2990,26,1,1340,38,51,17,10,A,Active,Under 30,N,0
2991,25,0,585,20,12,8,8,A,Inactive,Under 30,N,0
2992,38,0,4370,71,5,17,8,A,Active,30-40,N,0
2993,19,2,6887,148,101,47,23,B,Active,Under 30,N,0
2994,17,0,985,15,3,14,0,A,Active,Under 30,N,0
2995,27,1,3530,67,15,25,7,A,Active,30-40,N,0
2996,33,0,6638,73,98,33,7,A,Active,Under 30,N,0
2997,11,2,4505,45,213,9,5,A,Active,30-40,N,0
2998,40,1,4675,77,12,19,13,A,Active,30-40,N,0
2999,38,0,4005,58,24,18,20,A,Inactive,30-40,Y,1
3000,15,0,6277,136,87,43,13,B,Active,Under 30,N,0
3001,38,0,3915,73,0,10,3,A,Active,30-40,N,0
3002,4,0,4390,34,207,9,0,A,Active,30-40,N,0
3003,41,2,6933,112,22,14,17,A,Active,30-40,N,0
3004,38,1,4515,83,2,25,7,A,Active,30-40,N,0
3005,32,0,1970,44,37,21,6,A,Inactive,30-40,N,0
3006,39,1,15980,189,166,35,16,A,Active,Under 30,N,0
3007,28,0,1703,28,12,23,0,A,Inactive,30-40,Y,1
3008,29,2,1590,41,31,17,18,A,Active,Under 30,N,0
3009,32,0,2313,40,26,27,9,A,Inactive,30-40,Y,1
3010,34,0,0,0,0,0,0,A,Active,Over 40,N,0
3011,16,1,1990,30,42,27,1,A,Active,Under 30,N,0
3012,37,0,13658,163,0,40,7,A,Active,30-40,N,0
3013,37,0,0,0,0,0,0,A,Active,Under 30,N,1
3014,36,0,3718,82,2,28,2,A,Active,Under 30,N,0
3015,29,0,1748,47,41,73,6,A,Active,Over 40,N,0
3016,30,0,0,0,0,0,0,A,Inactive,Over 40,Y,1
3017,9,1,4580,41,224,13,4,A,Active,30-40,N,0
3018,33,0,1765,36,143,21,0,A,Active,Under 30,N,0
3019,5,1,4435,36,207,6,5,A,Active,30-40,N,0
3020,33,0,795,12,0,7,0,A,Inactive,Under 30,N,0
3021,40,3,11885,166,50,53,12,A,Active,Over 40,N,0
3022,39,0,3283,61,49,33,20,A,Inactive,Over 40,Y,1
3023,37,2,8925,120,135,40,11,A,Active,30-40,N,0
3024,34,0,5323,91,10,19,6,A,Active,Under 30,N,1
3025,38,0,2043,40,37,33,5,A,Inactive,30-40,N,1
3026,38,0,5728,94,0,9,4,A,Active,30-40,N,0
3027,18,4,3347,52,47,24,15,A,Active,30-40,N,0
3028,24,1,15770,226,0,77,18,A,Active,Under 30,N,0
3029,30,6,10050,85,0,36,15,A,Active,Over 40,N,0
3030,31,0,5613,83,0,9,0,A,Active,Under 30,N,0
3031,38,0,305,6,7,2,5,A,Inactive,30-40,N,0
3032,32,0,1210,18,38,9,6,A,Inactive,Over 40,N,0
3033,40,2,8810,121,145,42,10,A,Active,30-40,N,0
3034,42,3,9600,135,162,50,20,A,Active,30-40,N,0
3035,36,8,10435,93,1,42,21,A,Active,Over 40,N,0
3036,35,1,14720,213,15,26,20,A,Active,Under 30,N,0
3037,39,0,4390,85,6,28,4,A,Active,30-40,N,0
3038,39,0,4245,73,9,20,5,A,Active,Under 30,N,0
3039,39,4,12370,170,39,64,16,A,Active,Over 40,N,0
3040,32,2,6905,113,266,31,3,B,Active,Under 30,N,0
3041,15,3,2663,45,56,21,3,A,Active,30-40,N,0
3042,39,0,11170,150,7,34,8,A,Active,Over 40,N,0
3043,36,0,1478,24,0,3,0,A,Active,30-40,N,0
3044,37,0,1853,50,338,9,6,A,Active,Under 30,N,0
3045,40,4,4680,98,60,45,20,A,Active,30-40,N,0
3046,20,3,6813,153,124,48,21,B,Active,Under 30,N,0
3047,29,3,16300,242,7,78,29,A,Active,Under 30,N,0
3048,40,1,6223,101,14,14,11,A,Active,30-40,N,0
3049,42,3,9115,127,152,44,15,A,Active,30-40,N,0
3050,36,0,628,7,9,4,0,A,Inactive,Over 40,N,1
3051,32,0,1588,23,0,2,0,A,Active,30-40,N,0
3052,31,0,1180,51,13,15,27,A,Inactive,30-40,Y,1
3053,36,0,2300,36,280,16,1,A,Active,30-40,N,0
3054,38,0,3493,78,5,30,0,A,Active,Under 30,N,0
3055,38,0,305,6,7,2,5,A,Inactive,Over 40,N,1
3056,36,1,2585,43,282,16,8,A,Active,30-40,N,0
3057,35,0,5595,70,158,9,0,A,Active,30-40,N,0
3058,38,2,8710,116,126,45,12,A,Active,30-40,N,0
3059,40,4,4000,43,511,25,13,A,Active,Over 40,N,0
3060,24,0,2515,50,0,23,0,A,Active,30-40,N,0
3061,35,0,11160,148,4,45,2,A,Active,30-40,N,0
3062,26,2,1440,34,189,8,7,B,Active,30-40,N,0
3063,39,2,6778,78,113,39,11,A,Active,Under 30,N,0
3064,25,1,3470,64,10,23,5,A,Active,30-40,N,0
3065,12,3,1908,31,39,13,8,A,Active,30-40,Y,1
3066,39,2,7045,107,29,28,8,A,Active,Over 40,N,0
3067,40,1,5773,102,34,28,13,A,Active,Under 30,N,0
3068,41,0,1725,31,28,10,13,A,Inactive,30-40,N,0
3069,39,1,3965,82,7,26,16,A,Active,30-40,N,0
3070,24,0,1630,37,20,11,11,A,Active,Under 30,N,0
3071,20,1,6573,149,96,47,18,B,Active,Under 30,N,0
3072,26,0,1015,11,30,6,2,A,Inactive,Over 40,N,0
3073,28,1,1873,45,37,70,9,A,Active,Over 40,N,0
3074,25,2,3825,71,29,38,6,A,Active,30-40,N,0
3075,23,0,1148,27,0,62,0,A,Active,Over 40,N,0
3076,37,0,2383,50,66,35,9,A,Inactive,Over 40,N,1
3077,27,1,1315,36,193,11,4,B,Active,Under 30,N,0
3078,35,1,4820,83,1,26,10,A,Active,30-40,N,0
3079,39,0,318,5,7,4,0,A,Inactive,Under 30,N,0
3080,38,2,12175,165,19,47,13,A,Active,Over 40,N,0
3081,42,1,13853,171,10,48,8,A,Active,30-40,N,0
3082,12,1,4570,48,226,15,4,A,Active,30-40,N,0
3083,39,0,825,20,45,12,2,A,Inactive,30-40,N,0
3084,36,1,6213,99,21,25,5,A,Active,Under 30,N,0
3085,17,3,6993,151,106,57,20,B,Active,Under 30,N,0
3086,42,1,2938,74,377,31,17,A,Active,30-40,N,0
3087,34,0,4150,74,0,21,0,A,Active,30-40,N,0
3088,26,0,510,25,35,9,6,A,Inactive,30-40,N,0
3089,39,0,0,0,1,0,0,A,Inactive,30-40,N,1
3090,23,0,3110,56,10,24,0,A,Active,30-40,N,0
3091,43,2,4023,94,17,31,9,A,Active,30-40,N,0
3092,39,0,3793,61,0,37,9,A,Active,Under 30,N,0
3093,35,0,2073,30,1,4,2,A,Active,30-40,N,0
3094,33,2,1790,48,41,21,20,A,Active,Under 30,N,0
3095,42,2,2603,63,20,21,17,A,Active,Over 40,N,0
3096,34,1,3140,23,475,4,5,A,Active,30-40,N,0
3097,40,1,3100,32,15,20,6,A,Active,30-40,N,0
3098,32,2,6910,95,10,19,6,A,Active,Over 40,N,0
3099,40,2,8523,144,399,45,14,A,Active,30-40,N,0
3100,30,1,6605,89,3,17,1,A,Active,Over 40,N,0
3101,19,0,750,20,171,3,0,B,Active,Under 30,N,0
3102,39,1,6493,71,111,39,4,A,Active,Under 30,N,0
3103,28,6,9870,77,0,34,11,B,Active,Over 40,N,0
3104,38,1,8218,138,392,43,9,A,Active,30-40,N,0
3105,28,1,15655,226,0,74,20,A,Active,Under 30,N,0
3106,36,0,4210,77,0,23,2,A,Active,30-40,N,0
3107,32,1,2825,49,167,19,6,A,Active,Under 30,N,0
3108,35,0,0,0,2,0,0,A,Inactive,Under 30,N,1
3109,42,1,15970,196,168,37,16,A,Active,Under 30,N,0
3110,40,0,1015,20,20,10,7,A,Inactive,30-40,N,0
3111,39,1,5513,98,27,23,10,A,Active,Under 30,N,1
3112,32,2,1953,47,47,74,10,A,Active,Over 40,N,0
3113,38,0,438,8,7,4,5,A,Inactive,30-40,N,1
3114,15,0,1515,18,17,9,0,A,Active,Under 30,N,0
3115,45,2,4503,78,16,38,17,A,Active,Under 30,N,0
3116,39,1,2508,64,34,37,3,A,Active,Under 30,N,0
3117,20,0,1010,24,178,8,0,B,Active,Under 30,N,0
3118,40,4,10130,138,159,45,24,A,Active,30-40,N,0
3119,30,0,0,0,0,0,0,A,Inactive,Over 40,Y,1
3120,44,2,4755,79,22,23,14,A,Active,30-40,N,0
3121,39,1,6033,101,39,16,6,A,Active,30-40,N,0
3122,34,1,4415,67,7,13,8,A,Active,30-40,N,0
3123,40,0,1295,26,39,17,5,A,Inactive,30-40,N,0
3124,38,1,3085,59,182,25,11,A,Active,Under 30,N,0
3125,11,2,4695,46,222,12,7,A,Active,30-40,N,0
3126,41,0,93,1,10,6,0,A,Inactive,Under 30,N,0
3127,29,0,815,30,8,6,14,A,Inactive,30-40,N,0
3128,41,4,9480,130,156,47,21,A,Active,30-40,N,0
3129,34,0,0,0,0,0,0,A,Active,Over 40,N,0
3130,34,0,1963,38,27,29,4,A,Inactive,30-40,N,1
3131,40,0,1015,20,20,10,7,A,Inactive,30-40,N,0
3132,38,1,2905,26,474,5,2,A,Active,30-40,N,0
3133,38,2,11580,160,43,51,7,A,Active,Over 40,N,0
3134,32,0,765,47,41,19,18,A,Inactive,30-40,N,1
3135,41,0,7463,131,392,47,3,A,Active,Under 30,N,0
3136,34,0,15305,174,139,25,7,A,Active,Under 30,N,0
3137,33,0,7428,125,374,39,2,A,Active,Under 30,N,0
3138,44,0,698,18,22,10,10,A,Inactive,30-40,N,1
3139,31,0,6290,90,0,17,0,A,Active,Over 40,N,0
3140,36,4,7460,123,287,38,13,B,Active,30-40,N,0
3141,37,0,7508,127,384,43,3,A,Active,Under 30,N,0
3142,38,1,3275,60,191,28,13,A,Active,Under 30,N,0
3143,7,2,4685,44,229,23,1,A,Active,30-40,N,0
3144,36,0,1333,38,0,4,0,A,Inactive,30-40,N,0
3145,37,0,2208,57,357,24,8,A,Active,Under 30,N,0
3146,33,0,0,0,0,0,0,A,Inactive,Under 30,N,0
3147,37,0,1370,40,24,7,5,A,Inactive,30-40,N,0
3148,34,7,10320,88,3,43,18,A,Active,Over 40,N,0
3149,23,0,1110,27,21,14,7,A,Active,Under 30,N,0
3150,39,2,3200,65,214,29,11,A,Active,30-40,N,0
